idioma,id,es,texto_actual,estado,observacion,propuesta_local,persona_revisora,variante
qu,ui.home,Inicio,Qallariy,pendiente_validacion_local,Lectura editorial asistida; requiere validar naturalidad y significado con hablantes.,,,
qu,ui.explore,Explora el universo,Universomanta yachay,pendiente_validacion_local,Redacción simplificada con préstamos; volver a comprobar significado y naturalidad local. Ver cambios-naturalidad.json.,,,
qu,ui.knowledge,Saberes andinos,Andes suyupa yachayninkuna,pendiente_validacion_local,Lectura editorial asistida; requiere validar naturalidad y significado con hablantes.,,,
qu,ui.community,Comunidad,Ayllu,pendiente_validacion_local,Lectura editorial asistida; requiere validar naturalidad y significado con hablantes.,,,
qu,ui.heroLabel,"DESDE LOS ANDES, HACIA LAS ESTRELLAS","ANDES SUYUMANTA, QUYLLURKUNAMAN",pendiente_validacion_local,Lectura editorial asistida; requiere validar naturalidad y significado con hablantes.,,,
qu,ui.heroTitle,Un mismo cielo.,Huk hanaq pacha.,pendiente_validacion_local,Lectura editorial asistida; requiere validar naturalidad y significado con hablantes.,,,
qu,ui.heroDescription,Aprende sobre el espacio con explicaciones sencillas y actividades. QAS conecta la astronomía con las lenguas de las comunidades del Perú.,"Intimanta, Killamanta, quyllurkunamantapas siminchikpi yachasun. QAS nisqapi mana sasa qillqakuna, kuska ruranapaq actividadkunapas kachkan.",pendiente_validacion_local,Redacción simplificada con préstamos; volver a comprobar significado y naturalidad local. Ver cambios-naturalidad.json.,,,
qu,ui.start,Comienza a explorar,Riqsiyta qallariy,pendiente_validacion_local,Lectura editorial asistida; requiere validar naturalidad y significado con hablantes.,,,
qu,ui.mission,Conoce QAS,QAS nisqata riqsiy,pendiente_validacion_local,Lectura editorial asistida; requiere validar naturalidad y significado con hablantes.,,,
qu,ui.languages,Un proyecto para cuatro lenguas,Tawa simipaq huk llamk'ay,pendiente_validacion_local,Lectura editorial asistida; requiere validar naturalidad y significado con hablantes.,,,
qu,ui.origin,"Desde Puno, Perú","Puno, Perú suyumanta",pendiente_validacion_local,Lectura editorial asistida; requiere validar naturalidad y significado con hablantes.,,,
qu,ui.everyone,Para todas las edades,"Wawakunapaq, kuraqkunapaqpas",pendiente_validacion_local,Redacción simplificada con préstamos; volver a comprobar significado y naturalidad local. Ver cambios-naturalidad.json.,,,
qu,ui.place,Nuestra inspiración: el cielo de los Andes,Andes suyupa hanaq pachan yachayta munachiwanchik,pendiente_validacion_local,Redacción simplificada con préstamos; volver a comprobar significado y naturalidad local. Ver cambios-naturalidad.json.,,,
qu,ui.photoNote,Imagen de montaña referencial · Constelación ilustrativa,"Urqupa rikch'aynin, riqsichinapaq · Quyllurkuna t'aqapa siq'in",pendiente_validacion_local,Lectura editorial asistida; requiere validar naturalidad y significado con hablantes.,,,
qu,ui.skySpeaks,El cielo habla nuestras lenguas.,Hanaq pacha siminchikkunapi riman.,pendiente_validacion_local,Lectura editorial asistida; requiere validar naturalidad y significado con hablantes.,,,
qu,ui.discoverWords,"Descubre una palabra, conecta un mundo.","Huk simita riqsiy, huk pachawan tinkuy.",pendiente_validacion_local,Lectura editorial asistida; requiere validar naturalidad y significado con hablantes.,,,
qu,ui.sunWord,Sol · Quechua / Aimara,Inti · Quechua / Aimara,pendiente_validacion_local,Lectura editorial asistida; requiere validar naturalidad y significado con hablantes.,,,
qu,ui.moonWord,Luna · Quechua / Aimara,Killa · Quechua / Aimara,pendiente_validacion_local,Lectura editorial asistida; requiere validar naturalidad y significado con hablantes.,,,
qu,ui.starWord,Estrella · Quechua / Aimara,Quyllur · Quechua / Aimara,pendiente_validacion_local,Lectura editorial asistida; requiere validar naturalidad y significado con hablantes.,,,
qu,ui.curiosity,LA CURIOSIDAD NO TIENE FRONTERAS,YACHAY MUNAYQA MANA SAYWANNIYUQMI,pendiente_validacion_local,Lectura editorial asistida; requiere validar naturalidad y significado con hablantes.,,,
qu,ui.exploreTitle,Un universo por descubrir,Universomanta astawan yachasun,pendiente_validacion_local,Redacción simplificada con préstamos; volver a comprobar significado y naturalidad local. Ver cambios-naturalidad.json.,,,
qu,ui.exploreDescription,Elige un tema. Lee una explicación y realiza una actividad.,"Huk temata akllay. Qillqata ñawinchay, hinaspa actividadta ruray.",pendiente_validacion_local,Redacción simplificada con préstamos; volver a comprobar significado y naturalidad local. Ver cambios-naturalidad.json.,,,
qu,ui.viewAll,Ver todos los temas,Tukuy temakunata qhaway,pendiente_validacion_local,Redacción simplificada con préstamos; volver a comprobar significado y naturalidad local. Ver cambios-naturalidad.json.,,,
qu,ui.all,Todos,Tukuy,pendiente_validacion_local,Lectura editorial asistida; requiere validar naturalidad y significado con hablantes.,,,
qu,ui.astronomy,Astronomía,Astronomía,pendiente_validacion_local,Redacción simplificada con préstamos; volver a comprobar significado y naturalidad local. Ver cambios-naturalidad.json.,,,
qu,ui.solar,Sistema solar,Sistema solar,pendiente_validacion_local,Redacción simplificada con préstamos; volver a comprobar significado y naturalidad local. Ver cambios-naturalidad.json.,,,
qu,ui.andino,Mirada andina,Andes suyupa qhawariynin,pendiente_validacion_local,Lectura editorial asistida; requiere validar naturalidad y significado con hablantes.,,,
qu,ui.astronomyTag,ASTRONOMÍA,ASTRONOMÍA,pendiente_validacion_local,Redacción simplificada con préstamos; volver a comprobar significado y naturalidad local. Ver cambios-naturalidad.json.,,,
qu,ui.solarTag,SISTEMA SOLAR,SISTEMA SOLAR,pendiente_validacion_local,Redacción simplificada con préstamos; volver a comprobar significado y naturalidad local. Ver cambios-naturalidad.json.,,,
qu,ui.andinoTag,MIRADA ANDINA,ANDES SUYUPA QHAWARIYNIN,pendiente_validacion_local,Lectura editorial asistida; requiere validar naturalidad y significado con hablantes.,,,
qu,ui.roots,CIENCIA CON RAÍCES,SAPHINNIYUQ YACHAY,pendiente_validacion_local,Lectura editorial asistida; requiere validar naturalidad y significado con hablantes.,,,
qu,ui.rootsTitle,Aprendemos ciencia y valoramos nuestras lenguas.,"Cienciamanta yachasun, siminchikkunatapas chaninchasun.",pendiente_validacion_local,Redacción simplificada con préstamos; volver a comprobar significado y naturalidad local. Ver cambios-naturalidad.json.,,,
qu,ui.rootsDescription,Compartimos explicaciones de astronomía y palabras para nombrar el cielo. Los conocimientos de cada comunidad se incorporan con sus propias voces.,"Astronomíamanta yachasun, hanaq pachata sutinchanapaq simikunatapas riqsisun. Sapa ayllu kikinpa yachayninta kikinpa siminpi willanqa.",pendiente_validacion_local,Redacción simplificada con préstamos; volver a comprobar significado y naturalidad local. Ver cambios-naturalidad.json.,,,
qu,ui.rootsButton,Lenguas y comunidad,Simikunawan ayllunchik,pendiente_validacion_local,Redacción simplificada con préstamos; volver a comprobar significado y naturalidad local. Ver cambios-naturalidad.json.,,,
qu,ui.observeLabel,TU PRIMER VIAJE EMPIEZA AQUÍ,ÑAWPAQ PURIYNIYKI KAYPI QALLARIN,pendiente_validacion_local,Lectura editorial asistida; requiere validar naturalidad y significado con hablantes.,,,
qu,ui.observeTitle,"Esta noche, mira hacia arriba.","Kay tuta, hanaqman qhaway.",pendiente_validacion_local,Lectura editorial asistida; requiere validar naturalidad y significado con hablantes.,,,
qu,ui.observeDescription,No necesitas un telescopio para empezar. Comparte un momento bajo las estrellas con tu familia o comunidad y lleva un cuaderno de descubrimientos.,"Telescopio mana kaptinpas qallariyta atinki. Familiaykiwan utaq aylluykiwan quyllurkunata qhaway. Huk cuadernota apay, rikusqaykita qillqanaykipaq.",pendiente_validacion_local,Redacción simplificada con préstamos; volver a comprobar significado y naturalidad local. Ver cambios-naturalidad.json.,,,
qu,ui.download,Descargar guía de observación,Guíata descargay,pendiente_validacion_local,Redacción simplificada con préstamos; volver a comprobar significado y naturalidad local. Ver cambios-naturalidad.json.,,,
qu,ui.step1,"Busca un lugar seguro, con poca luz artificial y el cielo despejado. Lleva abrigo y compañía.","Mana manchayniyuq kitita maskhay, runa rurasqan k'anchay pisi kananpaq, hanaq pachapas phuyuwan mana qatasqa kananpaq. Q'uñi pachakunata apay, huk masiwan riy.",pendiente_validacion_local,Lectura editorial asistida; requiere validar naturalidad y significado con hablantes.,,,
qu,ui.step2,Deja que tus ojos se acostumbren a la oscuridad durante unos 20 minutos. Evita mirar la pantalla.,Ñawiykikuna tutayayman yachakunankupaq yaqa 20 minututa suyay. Pantallata ama qhawaychu.,pendiente_validacion_local,Lectura editorial asistida; requiere validar naturalidad y significado con hablantes.,,,
qu,ui.step3,"Dibuja lo que observas. Anota la hora, el lugar y las palabras con las que tu familia nombra el cielo.","Rikusqaykita siq'iy. Horata, maypi kasqaykita, familiaykipa hanaq pachamanta rimanan simikunatapas qillqay.",pendiente_validacion_local,Redacción simplificada con préstamos; volver a comprobar significado y naturalidad local. Ver cambios-naturalidad.json.,,,
qu,ui.footer,"Hecho para conectar la Tierra con el cielo. Puno, Perú.","Kay pachata hanaq pachawan tinkuchinapaq rurasqa. Puno, Perú.",pendiente_validacion_local,Lectura editorial asistida; requiere validar naturalidad y significado con hablantes.,,,
qu,ui.sources,Fuentes y lenguas ↗,"Yachay pukyukuna, simikunawan ↗",pendiente_validacion_local,Lectura editorial asistida; requiere validar naturalidad y significado con hablantes.,,,
qu,ui.heroAccent,Muchas voces.,Achka rimaykuna.,pendiente_validacion_local,Lectura editorial asistida; requiere validar naturalidad y significado con hablantes.,,,
qu,ui.readArticle,Leer artículo,Qillqata ñawinchay,pendiente_validacion_local,Lectura editorial asistida; requiere validar naturalidad y significado con hablantes.,,,
qu,ui.activity,Actividad para compartir,Kuska ruranapaq actividad,pendiente_validacion_local,Redacción simplificada con préstamos; volver a comprobar significado y naturalidad local. Ver cambios-naturalidad.json.,,,
qu,ui.sourceHeading,Fuentes para seguir aprendiendo,Astawan yachanapaq pukyukuna,pendiente_validacion_local,Lectura editorial asistida; requiere validar naturalidad y significado con hablantes.,,,
qu,ui.close,Cerrar artículo,Qillqata wisq'ay,pendiente_validacion_local,Lectura editorial asistida; requiere validar naturalidad y significado con hablantes.,,,
qu,ui.mainNav,Navegación principal,Menú principal,pendiente_validacion_local,Redacción simplificada con préstamos; volver a comprobar significado y naturalidad local. Ver cambios-naturalidad.json.,,,
qu,ui.chooseLanguage,Seleccionar idioma,Simita akllay,pendiente_validacion_local,Lectura editorial asistida; requiere validar naturalidad y significado con hablantes.,,,
qu,ui.filterTopics,Filtrar temas,Temakunata akllay,pendiente_validacion_local,Redacción simplificada con préstamos; volver a comprobar significado y naturalidad local. Ver cambios-naturalidad.json.,,,
qu,ui.homeLabel,QAS: ir al inicio,QAS: qallariyman riy,pendiente_validacion_local,Lectura editorial asistida; requiere validar naturalidad y significado con hablantes.,,,
qu,ui.pendingTranslation,La traducción a esta lengua está en preparación. Los textos sin traducir se muestran en español.,Kay simiman tikrayqa rurakuchkanraq. Mana tikrasqa qillqakunaqa castellano simipi rikuchikun.,pendiente_validacion_local,Lectura editorial asistida; requiere validar naturalidad y significado con hablantes.,,,
qu,ui.logTitle,Registro de observación,Qhawasqakunapa qillqan,pendiente_validacion_local,Lectura editorial asistida; requiere validar naturalidad y significado con hablantes.,,,
qu,ui.logDate,Fecha:,Fecha:,pendiente_validacion_local,Redacción simplificada con préstamos; volver a comprobar significado y naturalidad local. Ver cambios-naturalidad.json.,,,
qu,ui.logTime,Hora:,Hora:,pendiente_validacion_local,Redacción simplificada con préstamos; volver a comprobar significado y naturalidad local. Ver cambios-naturalidad.json.,,,
qu,ui.logPlace,Lugar:,Kiti:,pendiente_validacion_local,Lectura editorial asistida; requiere validar naturalidad y significado con hablantes.,,,
qu,ui.logWeather,Estado del cielo:,Hanaq pacha imayna kasqan:,pendiente_validacion_local,Lectura editorial asistida; requiere validar naturalidad y significado con hablantes.,,,
qu,ui.logSeen,Lo que observé:,Qhawasqay:,pendiente_validacion_local,Lectura editorial asistida; requiere validar naturalidad y significado con hablantes.,,,
qu,ui.logWords,Palabras de mi comunidad:,Aylluypa siminkuna:,pendiente_validacion_local,Lectura editorial asistida; requiere validar naturalidad y significado con hablantes.,,,
qu,ui.sunSafety,"Nunca mires directamente al Sol. Para empezar, observa el cielo nocturno.","Intitaqa ama hayk'aqpas chiqanta qhawaychu. Qallarinaykipaq, tutapi hanaq pachata qhaway.",pendiente_validacion_local,Prioridad: cantidades o instrucciones de seguridad; verificar mediante retraduccion.,,,
qu,ui.pageTitle,QAS · Aprende sobre el espacio,QAS · Hanaq pachamanta yachay,pendiente_validacion_local,Lectura editorial asistida; requiere validar naturalidad y significado con hablantes.,,,
qu,ui.pageDescription,"Aprende sobre el Sol, la Luna, la Tierra y las estrellas. Contenido educativo de QAS para familias y comunidades del Perú.","Intimanta, Killamanta, kay Pachamanta, quyllurkunamantapas yachay. Perú suyupa yawar ayllunkunapaq, llaqtankunapaq ima QAS yachachiy qillqakuna.",pendiente_validacion_local,Lectura editorial asistida; requiere validar naturalidad y significado con hablantes.,,,
qu,ui.learningTag,ACTIVIDADES,ACTIVIDADKUNA,pendiente_validacion_local,Redacción simplificada con préstamos; volver a comprobar significado y naturalidad local. Ver cambios-naturalidad.json.,,,
qu,ui.learning,Actividades,Actividadkuna,pendiente_validacion_local,Redacción simplificada con préstamos; volver a comprobar significado y naturalidad local. Ver cambios-naturalidad.json.,,,
qu,ui.glossaryTerm,Palabra,Simi,pendiente_validacion_local,Lectura editorial asistida; requiere validar naturalidad y significado con hablantes.,,,
qu,ui.glossaryMeaning,Significado,Ninan,pendiente_validacion_local,Lectura editorial asistida; requiere validar naturalidad y significado con hablantes.,,,
qu,ui.noScript,Los artículos y los enlaces de idioma funcionan sin JavaScript. Actívalo para usar los filtros y las animaciones.,"JavaScript mana kaptinpas qillqakunata ñawinchayta, simitapas akllayta atinki. Filtrokunawan animacionkunata llamk'achinaykipaq JavaScript nisqata activay.",pendiente_validacion_local,Redacción simplificada con préstamos; volver a comprobar significado y naturalidad local. Ver cambios-naturalidad.json.,,,
qu,article.stars.title,Las estrellas y las galaxias,Quyllurkunawan galaxiakuna,pendiente_validacion_local,Redacción simplificada con préstamos; volver a comprobar significado y naturalidad local. Ver cambios-naturalidad.json.,,,
qu,article.stars.p1,Las estrellas son enormes esferas de gas caliente que producen energía en su interior. Nuestro Sol es una de ellas. La luz de otras estrellas tarda años en llegar a nuestros ojos: mirar el cielo también es mirar al pasado.,Quyllurkunaqa rupha gas nisqamanta hatun rump'ukunan. Ukhunkupi kallpata paqarichinku. Intinchikpas chaykunamanta hukmi. Wak quyllurkunapa k'anchaynin ñawinchikman chayamunanpaq watakuna pasan. Hanaq pachata qhawayqa ñawpa pachata qhawaypasmi.,pendiente_validacion_local,Revisar equivalencia conceptual y terminologia; ver REVISION-LINGUISTICA.md.,,,
qu,article.stars.p2,"Las estrellas se agrupan en galaxias. Nosotros vivimos en la Vía Láctea, que contiene miles de millones de estrellas. En una noche oscura, parte de ella puede verse como una franja tenue que cruza el cielo.","Galaxia nisqapi achka quyllurkuna huñunasqa kachkan. Ñuqanchikqa Vía Láctea sutiyuq galaxiapi kawsanchik. Chaypi miles de millones nisqa achka quyllurkuna kachkan. Tutayaq tutapi, wakin k'anchayninta hanaq pachapi huk llamp'u siq'ihina qhawayta atinchik.",pendiente_validacion_local,Redacción simplificada con préstamos; volver a comprobar significado y naturalidad local. Ver cambios-naturalidad.json.,,,
qu,article.stars.p3,Las nebulosas son nubes de gas y polvo. En algunas nacen estrellas; otras contienen material expulsado por estrellas al final de su vida. Las fotografías de telescopios muestran detalles y colores que nuestros ojos no siempre pueden distinguir.,Nebulosa nisqakunaqa gas nisqamanta ñut'u allpamanta ima phuyukunan. Wakinkunapi quyllurkuna paqarinku. Wakinkunapitaq quyllurkuna kawsayninku tukukuptin qarqusqan imakuna kachkan. Karu qhawana telescopio nisqawan urqusqa rikch'aykunaqa ñawinchik mana sapa kuti riqsiyta atinan ñut'u kaqkunata llimp'ikunatapas rikuchin.,pendiente_validacion_local,Revisar equivalencia conceptual y terminologia; ver REVISION-LINGUISTICA.md.,,,
qu,article.stars.summary,"Conoce las estrellas, las galaxias y las nubes de gas del espacio.","Quyllurkunata, galaxiakunata, nebulosakunatapas riqsiy.",pendiente_validacion_local,Redacción simplificada con préstamos; volver a comprobar significado y naturalidad local. Ver cambios-naturalidad.json.,,,
qu,article.planets.title,El sistema solar,Sistema solar,pendiente_validacion_local,Redacción simplificada con préstamos; volver a comprobar significado y naturalidad local. Ver cambios-naturalidad.json.,,,
qu,article.planets.p1,El sistema solar está formado por el Sol y los cuerpos que orbitan a su alrededor. El Sol es una estrella; los planetas brillan principalmente porque reflejan su luz.,"Sistema solar nisqapi Intiwan muyuriqninpi puriq planetakuna, wak imakunapas kanku. Intiqa huk quyllurmi. Planetakunaqa aswanta Intipa k'anchayninta kutichispa lliphipinku.",pendiente_validacion_local,Redacción simplificada con préstamos; volver a comprobar significado y naturalidad local. Ver cambios-naturalidad.json.,,,
qu,article.planets.p2,"Desde el Sol, los ocho planetas son Mercurio, Venus, Tierra, Marte, Júpiter, Saturno, Urano y Neptuno. Los primeros cuatro tienen superficies rocosas. Júpiter y Saturno son gigantes gaseosos; Urano y Neptuno se clasifican como gigantes de hielo.","Intimanta yupaspa, pusaq planetakunaqa Mercurio, Venus, Tierra, Marte, Júpiter, Saturno, Urano, Neptuno ima. Ñawpaq tawa planetakunapa hawanqa rumimanta. Júpiterwan Saturno hatun gas planetakunan. Uranowan Neptunotaqa gigantes de hielo nispa sutinchanku.",pendiente_validacion_local,Redacción simplificada con préstamos; volver a comprobar significado y naturalidad local. Ver cambios-naturalidad.json.,,,
qu,article.planets.p3,"Los anillos de Saturno contienen innumerables fragmentos de hielo y roca. Aunque en las ilustraciones parecen sólidos, están formados por partículas de distintos tamaños.","Saturnopa siwikunan mana yupay atina rit'iwan qaqa p'akikunata hap'in. Siq'ikunapi huklla sinch'i imahina rikhuriptinpas, hatun huch'uy k'itikunamanta rurasqan kanku.",pendiente_validacion_local,Revisar equivalencia conceptual y terminologia; ver REVISION-LINGUISTICA.md.,,,
qu,article.planets.p4,"También hay lunas, asteroides, cometas y planetas enanos, como Plutón. Nuestra Luna no emite luz propia: vemos la parte iluminada por el Sol. Sus fases cambian según la posición relativa de la Tierra, la Luna y el Sol.","Killakuna, asteroidekuna, cometakuna, Plutón hina planeta enano nisqakunapas kanku. Killanchikqa mana kikin k'anchayninta paqarichinchu. Inti k'anchasqan t'aqatam qhawanchik. Killa, kay Pacha, Intipas maypi kasqankuman hina, Killapa rikhuriynin tikrakun.",pendiente_validacion_local,Redacción simplificada con préstamos; volver a comprobar significado y naturalidad local. Ver cambios-naturalidad.json.,,,
qu,article.planets.summary,"Descubre el Sol, los ocho planetas y otros cuerpos del sistema solar.","Intita, pusaq planetakunata, Intipa muyuriqninpi wak kurkukunatapas riqsiy.",pendiente_validacion_local,Revisar equivalencia conceptual y terminologia; ver REVISION-LINGUISTICA.md.,,,
qu,article.andes.title,Las lenguas y el cielo,"Simikuna, hanaq pachawan",pendiente_validacion_local,Revisar equivalencia conceptual y terminologia; ver REVISION-LINGUISTICA.md.,,,
qu,article.andes.p1,"Inti y Willka son voces relacionadas con el Sol en quechua y aimara. Killa y Phaxsi nombran la Luna; Qoyllur y Wara wara, las estrellas. Las grafías y los usos pueden variar entre comunidades.",Intiwan Willkaqa Quechua simipi Aimara simipipas Intita sutinchaq simikunan. Killawan Phaxsi Killata sutinchanku. Qoyllurwan Wara waraqa quyllurkunata sutinchanku. Qillqayninkupas apaykachayninkupas ayllumanta aylluman hukniray kayta atin.,pendiente_validacion_local,Revisar equivalencia conceptual y terminologia; ver REVISION-LINGUISTICA.md.,,,
qu,article.andes.p2,"QAS propone aprender astronomía y abrir un espacio para las lenguas originarias. No existe una sola mirada andina: cada comunidad tiene sus propias voces, experiencias y formas de transmitir conocimientos.","QAS hanaq pacha yachayta yachananchikta, ñawpa simikunapaq kitita kicharinanchiktapas munan. Andes suyupi mana huklla qhawariyllachu kan. Sapa ayllupa kikin rimaynin, kawsasqan, yachaykunata willanan ñanninkuna ima kanku.",pendiente_validacion_local,Revisar equivalencia conceptual y terminologia; ver REVISION-LINGUISTICA.md.,,,
qu,article.andes.p4,Esta versión incluye artículos en cuatro lenguas. Las traducciones al quechua y al aimara son borradores generados con ayuda de IA. Todavía necesitan revisión y adaptación por hablantes de las comunidades.,Kaypi tawa simipi qillqakuna kachkan. Quechua simiman Aimara simiman tikrasqakunaqa IA nisqapa yanapayninwan rurasqa ñawpaq qillqakunaraqmi. Ayllukunapi rimaqkunapa qhawapayninta allichapayninta ima suyanraq.,pendiente_validacion_local,Revisar equivalencia conceptual y terminologia; ver REVISION-LINGUISTICA.md.,,,
qu,article.andes.summary,Conoce palabras para nombrar el cielo y una forma de aprender en comunidad.,"Hanaq pachata sutinchanapaq simikunata, ayllupi kuska yachanapaq huk ñantapas riqsiy.",pendiente_validacion_local,Revisar equivalencia conceptual y terminologia; ver REVISION-LINGUISTICA.md.,,,
qu,article.mission.title,Un mismo cielo. Muchas voces.,Huk hanaq pacha. Achka rimaykuna.,pendiente_validacion_local,Revisar equivalencia conceptual y terminologia; ver REVISION-LINGUISTICA.md.,,,
qu,article.mission.p1,"QAS — Quechua Aimara Space — es una propuesta educativa para acercar el espacio a comunidades de Puno y del Perú. Está pensada para estudiantes, familias y personas curiosas de todas las edades.","QAS — Quechua Aimara Space — hanaq pachata Puno, Perú suyupi ayllukunaman asuykachinapaq yachachiy llamk'aymi. Yachaqkunapaq, yawar ayllukunapaq, tukuy wiñayniyuq yachay munaqkunapaq ima rurasqa.",pendiente_validacion_local,Revisar equivalencia conceptual y terminologia; ver REVISION-LINGUISTICA.md.,,,
qu,article.mission.p2,"Aquí puedes explorar conceptos de astronomía, aprender vocabulario y descargar una guía para observar el cielo sin telescopio.","Kaypi astronomíamanta yachayta, musuq simikunata riqsiyta atinki. Telescopio mana kaptinpas hanaq pachata qhawanapaq guíata descargayta atinki.",pendiente_validacion_local,Redacción simplificada con préstamos; volver a comprobar significado y naturalidad local. Ver cambios-naturalidad.json.,,,
qu,article.mission.p3,"Puedes leer los artículos en español, inglés, quechua y aimara. Las versiones en quechua y aimara son primeras traducciones. Queda pendiente revisarlas con hablantes locales y adaptarlas a sus variantes.","Qillqakunata castellano, inglés, Quechua, Aimara simikunapi ñawinchayta atinki. Quechua simipi Aimara simipipas ñawpaq tikraykunaraq kanku. Llaqtapi rimaqkunawan qhawapana kachkanraq, sapa kitipa rimayninta chaninchaspa.",pendiente_validacion_local,Revisar equivalencia conceptual y terminologia; ver REVISION-LINGUISTICA.md.,,,
qu,article.sources.title,Fuentes y lenguas,"Yachay pukyukuna, simikunawan",pendiente_validacion_local,Revisar equivalencia conceptual y terminologia; ver REVISION-LINGUISTICA.md.,,,
qu,article.sources.p1,Los conceptos de astronomía se acompañan de enlaces a recursos educativos de NASA. El vocabulario se apoya en materiales de Reniec y del Ministerio de Educación del Perú.,"Hanaq pacha yachaykunapa sut'ichayninwan NASA yachachiy qillqakunaman t'inkikuna kachkan. Simikunaqa Reniec nisqapa, Perú suyupi Ministerio de Educación nisqapapas qillqankunata yanapakuq hina hap'in.",pendiente_validacion_local,Revisar equivalencia conceptual y terminologia; ver REVISION-LINGUISTICA.md.,,,
qu,article.sources.p2,"Quechua y aimara son lenguas con variantes y contextos propios. Las traducciones son borradores generados con ayuda de IA, aún sin validación de hablantes locales. Se conservan los nombres propios. Los términos científicos se acompañan de explicaciones sencillas.","Quechua, Aimara simikunaqa kikin hukniray rimayniyuq, kikin kawsayniyuq ima. Tikraykunaqa IA nisqawan yanapachikuspa rurasqa ñawpaq qillqakunaraqmi; llaqtapi rimaqkuna manaraq chaninchankuchu. Kikin sutikuna waqaychasqa kanku. Yachay simikunaqa mana sasa sut'ichaykunawan kuska churakun.",pendiente_validacion_local,Revisar equivalencia conceptual y terminologia; ver REVISION-LINGUISTICA.md.,,,
qu,article.sources.p3,La fotografía de montaña es ilustrativa y no está identificada como una fotografía de Puno. Fotografía: Unsplash. Los símbolos de los temas y la constelación son ilustraciones; no representan una observación actual.,"Urqupa rikch'ayninqa sut'ichinapaqllan. Mana Puno llaqtapi urqusqa rikch'ay hina riqsisqachu. Rikch'ay: Unsplash. Yachana t'aqakunapa unanchankunapas, quyllurkuna t'aqapas siq'isqakunan; mana kunan qhawasqa hanaq pachatachu rikuchinku.",pendiente_validacion_local,Revisar equivalencia conceptual y terminologia; ver REVISION-LINGUISTICA.md.,,,
qu,article.sun.title,El Sol: nuestra estrella,Inti: quyllurninchik,pendiente_validacion_local,Revisar equivalencia conceptual y terminologia; ver REVISION-LINGUISTICA.md.,,,
qu,article.sun.p1,El Sol es la estrella más cercana a la Tierra. Su luz y su calor permiten muchas de las condiciones que necesita la vida en nuestro planeta.,Intiqa kay Pachaman aswan qaylla quyllurmi. K'anchayninwan q'uñiynin kay planetanchikpi kawsaypaq achka munasqa imakunata atichin.,pendiente_validacion_local,Revisar equivalencia conceptual y terminologia; ver REVISION-LINGUISTICA.md.,,,
qu,article.sun.p2,"El Sol está formado principalmente por hidrógeno y helio. En su centro, la fusión nuclear transforma hidrógeno en helio y libera energía. No es una fogata: su energía se produce de otra manera.","Intiqa aswanta hidrógeno nisqamanta helio nisqamanta rurasqa. Chawpinpi fusión nuclear nisqa huñunakuy hidrógeno nisqata helio nisqaman tikran, hinaspa kallpata kacharin. Mana yanta rawraychu: huk hinatan kallpan paqarin.",pendiente_validacion_local,Revisar equivalencia conceptual y terminologia; ver REVISION-LINGUISTICA.md.,,,
qu,article.sun.p3,La luz del Sol tarda unos ocho minutos en llegar a la Tierra. Esa luz ilumina también la Luna y los planetas.,Intipa k'anchaynin kay Pachaman chayamunanpaq yaqa pusaq minututa unan. Chay k'anchay Killata planetakunatapas k'anchan.,pendiente_validacion_local,Revisar equivalencia conceptual y terminologia; ver REVISION-LINGUISTICA.md.,,,
qu,article.sun.p4,"Nunca mires directamente al Sol. Los lentes de sol comunes no protegen los ojos para observarlo. Esta actividad consiste en observar sombras, sin dirigir la mirada al Sol.","Intita ama hayk'aqpas chiqanta qhawaychu. Sapa p'unchaw inti hark'akuq lentes nisqakunaqa mana Intita qhawanapaq ñawita waqaychankuchu. Kay ruraypi llant'ukunata qhawanki, mana Intiman qhawaspa.",pendiente_validacion_local,Prioridad: cantidades o instrucciones de seguridad; verificar mediante retraduccion.,,,
qu,article.sun.summary,Aprende de dónde vienen la luz y el calor del Sol.,Intipa k'anchayninwan q'uñiynin maymanta hamusqanta yachay.,pendiente_validacion_local,Revisar equivalencia conceptual y terminologia; ver REVISION-LINGUISTICA.md.,,,
qu,article.sun.activity,Coloca un objeto sobre el suelo en un lugar seguro. Dibuja su sombra por la mañana y por la tarde. Anota la hora y compara la dirección y el tamaño de las sombras.,"Mana manchayniyuq kitipi huk imata allpa hawapi churay. Paqarinpi ch'isimanpas llant'unta siq'iy. Pachata qillqay, hinaspa llant'ukunapa mayman churasqa kasqanta sayaynintapas tupachiy.",pendiente_validacion_local,Revisar equivalencia conceptual y terminologia; ver REVISION-LINGUISTICA.md.,,,
qu,article.moon.title,La Luna y sus fases,Killa: imarayku rikhuriynin tikrakun,pendiente_validacion_local,Redacción simplificada con préstamos; volver a comprobar significado y naturalidad local. Ver cambios-naturalidad.json.,,,
qu,article.moon.p1,La Luna es el satélite natural de la Tierra. Un satélite natural es un cuerpo que gira alrededor de un planeta. La Luna refleja la luz del Sol.,"Killaqa kay Pachapa satélite natural nisqan. Chayqa huk planetapa muyuriqninpi puriqmi, mana runa rurasqachu. Killa Intipa k'anchayninta kutichin.",pendiente_validacion_local,Redacción simplificada con préstamos; volver a comprobar significado y naturalidad local. Ver cambios-naturalidad.json.,,,
qu,article.moon.p2,La mitad de la Luna recibe luz solar. Desde la Tierra vemos distintas porciones de esa mitad iluminada. Por eso parece cambiar de forma. Estos cambios se llaman fases.,Killapa kuskan Intipa k'anchayninta chaskin. Kay Pachamanta chay k'anchasqa kuskapa hukniray t'aqankunata qhawanchik. Chayraykun rikch'aynin tikrakuqhina rikhurin. Chay tikraykuna fase nisqa sutiyuq kanku.,pendiente_validacion_local,Revisar equivalencia conceptual y terminologia; ver REVISION-LINGUISTICA.md.,,,
qu,article.moon.p3,"En la luna nueva, la cara iluminada apunta principalmente en dirección opuesta a la Tierra. En la luna llena, vemos casi toda esa cara iluminada. Entre ambas hay fases crecientes y menguantes. El ciclo dura unos 29 días y medio.","Musuq killapi k'anchasqa uyapa aswan t'aqan kay Pachapa waq chimpanta qhawan. Hunt'a killapitaq yaqa llapan chay k'anchasqa uyata qhawanchik. Chaykunapa chawpinpi wiñaq, pisiyachkaq killakuna kanku. Kay muyu yaqa 29 p'unchawta kuskantawan unan.",pendiente_validacion_local,Revisar equivalencia conceptual y terminologia; ver REVISION-LINGUISTICA.md.,,,
qu,article.moon.p4,"Las fases no se producen por la sombra de la Tierra. La sombra terrestre puede oscurecer la Luna durante un eclipse lunar. La Luna también puede verse de día, según su fase y posición.","Killapa fasekunaqa mana kay Pachapa llant'unraykuchu kan. Eclipse lunar nisqapitaq kay Pachapa llant'un Killata tutayachiyta atin. Killaqa p'unchawpipas rikukunman, maypi kasqanman, fasenman hina.",pendiente_validacion_local,Redacción simplificada con préstamos; volver a comprobar significado y naturalidad local. Ver cambios-naturalidad.json.,,,
qu,article.moon.summary,Entiende por qué la Luna parece cambiar de forma.,Imarayku Killa rikch'ayninta tikraqhina rikhurisqanta hamut'ay.,pendiente_validacion_local,Revisar equivalencia conceptual y terminologia; ver REVISION-LINGUISTICA.md.,,,
qu,article.moon.activity,"Observa la Luna durante una semana cuando sea visible. Dibuja la parte iluminada y anota la fecha y la hora. Si no la ves, registra si había nubes o edificios en esa dirección.","Huk simana Killata qhaway rikukuptin. K'anchasqa t'aqanta siq'iy, p'unchawta pachatawan qillqay. Mana rikunki chayqa, chay chiqapi phuyukuna utaq wasikuna kasqanta qillqay.",pendiente_validacion_local,Revisar equivalencia conceptual y terminologia; ver REVISION-LINGUISTICA.md.,,,
qu,article.earth.title,"La Tierra, el día y las estaciones","Kay Pacha, p'unchaw, watapa mit'ankuna",pendiente_validacion_local,Revisar equivalencia conceptual y terminologia; ver REVISION-LINGUISTICA.md.,,,
qu,article.earth.p1,"La Tierra es el planeta donde vivimos. Tiene una atmósfera, una capa de gases que rodea el planeta, y agua líquida en su superficie.",Kay Pacha kawsananchik planetan. Muyuriqninpi atmósfera nisqa gas qatawan muyuchisqa kachkan. Hawanpitaq puriq unu kachkan.,pendiente_validacion_local,Revisar equivalencia conceptual y terminologia; ver REVISION-LINGUISTICA.md.,,,
qu,article.earth.p2,La Tierra gira sobre su eje. Este movimiento se llama rotación y dura aproximadamente 24 horas. La parte orientada hacia el Sol tiene día. La parte opuesta tiene noche.,"Kay Pacha kikin chawpi siq'inpi muyun. Chay kuyuyqa rotación nisqa sutiyuqmi, yaqa 24 horasta unan. Intiman qhawachkaq t'aqanpi p'unchaw kan. Waq chimpapitaq tuta kan.",pendiente_validacion_local,Revisar equivalencia conceptual y terminologia; ver REVISION-LINGUISTICA.md.,,,
qu,article.earth.p3,La Tierra también se mueve alrededor del Sol. Una vuelta completa tarda aproximadamente un año. Este movimiento se llama traslación.,Kay Pacha Intipa muyuriqninpipas purin. Huk hunt'a muyuy yaqa huk watata unan. Chay kuyuyqa traslación nisqa sutiyuqmi.,pendiente_validacion_local,Revisar equivalencia conceptual y terminologia; ver REVISION-LINGUISTICA.md.,,,
qu,article.earth.p4,El eje terrestre está inclinado. Esa inclinación cambia la cantidad de luz que recibe cada hemisferio durante el año y produce las estaciones. Las estaciones no se deben principalmente a la distancia al Sol.,Kay Pachapa chawpi siq'inqa kinrayasqa kachkan. Chay kinrayayrayku watantin sapa kuskan pacha hukniray k'anchayta chaskin. Chaymi watapa mit'ankunata paqarichin. Mit'akunaqa mana aswanta Intimanta karu utaq qaylla kayraykuchu kan.,pendiente_validacion_local,Revisar equivalencia conceptual y terminologia; ver REVISION-LINGUISTICA.md.,,,
qu,article.earth.p5,"Puno está en el hemisferio sur. Los cambios de lluvia y temperatura de una comunidad también dependen de su ubicación y altura. Para hablar del clima local, conviene observar y consultar registros de la zona.","Punoqa kay Pachapa urin kuskanpi kachkan. Huk ayllupi para, q'uñi, chiri tikraykunapas maypi kasqanman, hayk'a hanaqpi kasqanman hina kanku. Llaqtapa wayra pachanmanta rimanapaq, qhawarina, chay kitipa qillqankunatapas tapukuna.",pendiente_validacion_local,Revisar equivalencia conceptual y terminologia; ver REVISION-LINGUISTICA.md.,,,
qu,article.earth.summary,"Descubre por qué existen el día, la noche y las estaciones.","Imarayku p'unchaw, tuta, watapa mit'ankunapas kasqanta riqsiy.",pendiente_validacion_local,Revisar equivalencia conceptual y terminologia; ver REVISION-LINGUISTICA.md.,,,
qu,article.earth.activity,Usa una pelota y una linterna en una habitación oscura. La pelota representa la Tierra y la linterna representa el Sol. Gira la pelota y observa cómo cambia su parte iluminada.,"Huk tutayaq cuartopi pelotata, linternatawan hap'iy. Pelotaqa kay Pachata rikuchin, linternataq Intita. Pelotata muyuchiy, k'anchasqa t'aqan imayna tikrakusqanta qhaway.",pendiente_validacion_local,Redacción simplificada con préstamos; volver a comprobar significado y naturalidad local. Ver cambios-naturalidad.json.,,,
qu,article.observe.title,Cómo empezar a observar el cielo,Imayna hanaq pachata qhawariyta qallarinanchik,pendiente_validacion_local,Revisar equivalencia conceptual y terminologia; ver REVISION-LINGUISTICA.md.,,,
qu,article.observe.p1,"Elige un lugar conocido y seguro. Evita carreteras, pendientes y orillas sin protección. Los niños deben ir acompañados por una persona adulta. Lleva abrigo y acuerda la hora de regreso.","Riqsisqa, mana manchayniyuq kitita akllay. Hatun ñankunamanta, kinraykunamanta, mana hark'asqa pata muyukunamantapas karunchakuy. Wawakuna huk kuraq runawan rinanku. Q'uñi pachakunata apay, kutimunaykipaq pachata rimanakuy.",pendiente_validacion_local,Prioridad: cantidades o instrucciones de seguridad; verificar mediante retraduccion.,,,
qu,article.observe.p2,Busca una noche con pocas nubes y un lugar con poca luz artificial. Deja que tus ojos se acostumbren a la oscuridad. Puedes empezar con la Luna y las estrellas más brillantes sin usar un telescopio.,"Pisi phuyuyuq tutata, pisi luz artificial nisqayuq kitita maskhay. Ñawiykikuna tutayayman yachakuchunku. Telescopio mana kaptinpas Killata, aswan lliphipiq quyllurkunatapas qhawayta atinki.",pendiente_validacion_local,Redacción simplificada con préstamos; volver a comprobar significado y naturalidad local. Ver cambios-naturalidad.json.,,,
qu,article.observe.p3,"Anota la fecha, la hora, el lugar y el estado del cielo. Dibuja las luces que observas. Si no conoces un objeto, escribe lo que ves antes de intentar ponerle un nombre.","P'unchawta, pachata, kitita, hanaq pacha imayna kasqantapas qillqay. Qhawasqayki k'anchaykunata siq'iy. Huk imata mana riqsinki chayqa, sutita churanaykipa ñawpaqninpi imata rikusqaykita qillqay.",pendiente_validacion_local,Revisar equivalencia conceptual y terminologia; ver REVISION-LINGUISTICA.md.,,,
qu,article.observe.p4,"Los objetos visibles cambian con la hora, la fecha y el lugar. Esta página no muestra un mapa del cielo en tiempo real. No todas las luces son estrellas: también puedes observar planetas, aviones o satélites artificiales.","Rikuna kurkukunaqa pachaman, p'unchawman, kitiman hina tikrakunku. Kay p'anqa mana kunan pachapi hanaq pachapa mapantachu rikuchin. Mana tukuy k'anchaykunachu quyllur kanku. Planetakunata, avión nisqa phawaqkunata, runa rurasqan satélite nisqa muyuqkunatapas qhawayta atinki.",pendiente_validacion_local,Revisar equivalencia conceptual y terminologia; ver REVISION-LINGUISTICA.md.,,,
qu,article.observe.p5,Comparar observaciones ayuda a aprender. Conserva los dibujos de distintas noches. No necesitas que sean perfectos: deben ayudarte a recordar lo que viste.,Qhawasqakunata tupachiy yachayta yanapan. Hukniray tutakunapi siq'isqaykikunata waqaychay. Mana allin hunt'asqallachu kanan. Rikusqaykita yuyarinaykipaq yanapasunki chayqa allinmi.,pendiente_validacion_local,Revisar equivalencia conceptual y terminologia; ver REVISION-LINGUISTICA.md.,,,
qu,article.observe.summary,Organiza una observación con tu familia o comunidad.,Yawar aylluykiwan utaq llaqtamasiykikunawan qhawariyta wakichiy.,pendiente_validacion_local,Revisar equivalencia conceptual y terminologia; ver REVISION-LINGUISTICA.md.,,,
qu,article.observe.activity,Descarga la guía de observación que está al final de la página. Completa un registro y compáralo con el de otra persona. ¿Qué observaron en común?,"P'anqapa tukukuyninpi guíata descargay. Rikusqaykita qillqay, hinaspa huk runapa qillqasqanwan tupachiy. ¿Imakunata kuskalla qhawarqankichik?",pendiente_validacion_local,Redacción simplificada con préstamos; volver a comprobar significado y naturalidad local. Ver cambios-naturalidad.json.,,,
qu,article.glossary.title,Palabras para aprender astronomía,Astronomíamanta simikuna,pendiente_validacion_local,Redacción simplificada con préstamos; volver a comprobar significado y naturalidad local. Ver cambios-naturalidad.json.,,,
qu,article.glossary.p1,La astronomía estudia los cuerpos del espacio y los fenómenos que ocurren en el universo. Este glosario explica palabras que aparecen en los artículos de QAS.,"Astronomíaqa universopi kaqkunata, chaypi ima kasqantapas yachaqan. Kay glosariopi QAS qillqakunapa siminkunata sut'ichayku.",pendiente_validacion_local,Redacción simplificada con préstamos; volver a comprobar significado y naturalidad local. Ver cambios-naturalidad.json.,,,
qu,article.glossary.p2,"Las definiciones describen conceptos científicos. Al traducirlas, se puede usar una explicación breve cuando no exista una palabra equivalente de uso común en la comunidad.","Nisqakunaqa yachaypa yuyayninkunata sut'ichan. Tikraspa, ayllupi mana riqsisqa kaqlla simi kaptinqa, pisi rimaywan sut'ichayta atikun.",pendiente_validacion_local,Revisar equivalencia conceptual y terminologia; ver REVISION-LINGUISTICA.md.,,,
qu,article.glossary.summary,Consulta definiciones breves de las palabras de los artículos.,Qillqakunapi simikunapa pisi rimaywan sut'ichayninta ñawinchay.,pendiente_validacion_local,Revisar equivalencia conceptual y terminologia; ver REVISION-LINGUISTICA.md.,,,
qu,article.glossary.activity,Elige tres palabras. Explica cada una con tus propias palabras y acompaña la explicación con un dibujo.,"Kimsa simita akllay. Sapa simita kikin rimayniykiwan sut'ichay, hinaspa huk siq'ita yapay.",pendiente_validacion_local,Revisar equivalencia conceptual y terminologia; ver REVISION-LINGUISTICA.md.,,,
qu,glossary.star.term,Estrella,Quyllur,pendiente_validacion_local,Revisar equivalencia conceptual y terminologia; ver REVISION-LINGUISTICA.md.,,,
qu,glossary.star.definition,Cuerpo de gas caliente que produce energía en su interior. El Sol es una estrella.,"Rupha gas nisqamanta kurku, ukhunpi kallpata paqarichiq. Intiqa huk quyllurmi.",pendiente_validacion_local,Revisar equivalencia conceptual y terminologia; ver REVISION-LINGUISTICA.md.,,,
qu,glossary.planet.term,Planeta,Planeta,pendiente_validacion_local,Revisar equivalencia conceptual y terminologia; ver REVISION-LINGUISTICA.md.,,,
qu,glossary.planet.definition,"En el sistema solar, cuerpo casi esférico que orbita el Sol, no es una luna y domina gravitacionalmente su zona orbital.","Intiwan muyuqmasinkuna ukhupi, yaqa rump'uhina kurku Intipa muyuriqninpi puriq. Mana killachu. Muyunan kitipi kikin aysay kallpan wak kurkukunapamanta aswan atiyuqmi.",pendiente_validacion_local,Revisar equivalencia conceptual y terminologia; ver REVISION-LINGUISTICA.md.,,,
qu,glossary.orbit.term,Órbita,Órbita · muyuna ñan,pendiente_validacion_local,Redacción simplificada con préstamos; volver a comprobar significado y naturalidad local. Ver cambios-naturalidad.json.,,,
qu,glossary.orbit.definition,Trayectoria de un cuerpo alrededor de otro por la acción de la gravedad.,Huk kurku wak kurkupa muyuriqninpi aysay kallparayku purinan ñan.,pendiente_validacion_local,Revisar equivalencia conceptual y terminologia; ver REVISION-LINGUISTICA.md.,,,
qu,glossary.gravity.term,Gravedad,Gravedad · aysay kallpa,pendiente_validacion_local,Redacción simplificada con préstamos; volver a comprobar significado y naturalidad local. Ver cambios-naturalidad.json.,,,
qu,glossary.gravity.definition,Atracción entre cuerpos que tienen masa. Mantiene a los planetas en órbita alrededor del Sol.,Masayuq kurkukuna huknin hukninta aysanakusqan. Planetakunata Intipa muyuriqninpi purichin.,pendiente_validacion_local,Revisar equivalencia conceptual y terminologia; ver REVISION-LINGUISTICA.md.,,,
qu,glossary.satellite.term,Satélite natural,Satélite natural,pendiente_validacion_local,Redacción simplificada con préstamos; volver a comprobar significado y naturalidad local. Ver cambios-naturalidad.json.,,,
qu,glossary.satellite.definition,Cuerpo natural que orbita un planeta u otro cuerpo mayor. La Luna orbita la Tierra.,"Mana runa rurasqan kurku, huk planetapa utaq aswan hatun kurkupa muyuriqninpi puriq. Killa kay Pachapa muyuriqninpi purin.",pendiente_validacion_local,Revisar equivalencia conceptual y terminologia; ver REVISION-LINGUISTICA.md.,,,
qu,glossary.galaxy.term,Galaxia,Galaxia,pendiente_validacion_local,Redacción simplificada con préstamos; volver a comprobar significado y naturalidad local. Ver cambios-naturalidad.json.,,,
qu,glossary.galaxy.definition,"Conjunto de estrellas, gas, polvo y materia oscura unido por la gravedad.","Aysay kallpawan huñusqa quyllurkuna, gas, ñut'u allpa, mana rikuna materia oscura nisqa ima.",pendiente_validacion_local,Revisar equivalencia conceptual y terminologia; ver REVISION-LINGUISTICA.md.,,,
qu,glossary.constellation.term,Constelación,Constelación,pendiente_validacion_local,Redacción simplificada con préstamos; volver a comprobar significado y naturalidad local. Ver cambios-naturalidad.json.,,,
qu,glossary.constellation.definition,Región definida del cielo. Suele asociarse con una figura imaginada entre estrellas que pueden estar muy separadas entre sí.,Hanaq pachapi saywasqa kiti. Quyllurkuna chawpipi yuyaywan siq'isqa rikch'aywan tinkuchikun. Chay quyllurkunaqa huknin hukninmanta ancha karupi kayta atinku.,pendiente_validacion_local,Revisar equivalencia conceptual y terminologia; ver REVISION-LINGUISTICA.md.,,,
qu,glossary.lightyear.term,Año luz,Año luz,pendiente_validacion_local,Redacción simplificada con préstamos; volver a comprobar significado y naturalidad local. Ver cambios-naturalidad.json.,,,
qu,glossary.lightyear.definition,"Distancia que recorre la luz en un año. Es una unidad de distancia, no de tiempo.","K'anchaypa huk watapi purisqan karu kay. Karu kayta tupunapaqmi, mana pachatachu.",pendiente_validacion_local,Revisar equivalencia conceptual y terminologia; ver REVISION-LINGUISTICA.md.,,,
qu,glossary.nebula.term,Nebulosa,Nebulosa,pendiente_validacion_local,Redacción simplificada con préstamos; volver a comprobar significado y naturalidad local. Ver cambios-naturalidad.json.,,,
qu,glossary.nebula.definition,Nube de gas y polvo en el espacio. En algunas nebulosas se forman estrellas.,Hanaq pachapi gas nisqapa ñut'u allpapapas phuyun. Wakin chay phuyukunapi quyllurkuna paqarinku.,pendiente_validacion_local,Revisar equivalencia conceptual y terminologia; ver REVISION-LINGUISTICA.md.,,,
qu,glossary.atmosphere.term,Atmósfera,Atmósfera,pendiente_validacion_local,Redacción simplificada con préstamos; volver a comprobar significado y naturalidad local. Ver cambios-naturalidad.json.,,,
qu,glossary.atmosphere.definition,"Capa de gases que rodea un cuerpo, como la Tierra.","Huk kurkuta, kay Pachata hina, muyuriqninpi qataq gas nisqa.",pendiente_validacion_local,Revisar equivalencia conceptual y terminologia; ver REVISION-LINGUISTICA.md.,,,
qu,article.classroom.title,Una actividad para la escuela,Yachaywasipaq huk ruray,pendiente_validacion_local,Revisar equivalencia conceptual y terminologia; ver REVISION-LINGUISTICA.md.,,,
qu,article.classroom.p1,"Pregunta inicial: ¿por qué cambia la parte iluminada de la Luna que vemos? Esta actividad usa un modelo. Un modelo representa algunas características de un fenómeno, pero no reproduce todos sus detalles.","Qallariq tapuy: ¿imaraykutaq Killapa qhawasqanchik k'anchasqa t'aqan tikrakun? Kay rurayqa huk rikuchina modelota hap'in. Huk modeloqa imapa wakin kayninkunata rikuchin, mana llapan ñut'u kayninkunatachu.",pendiente_validacion_local,Revisar equivalencia conceptual y terminologia; ver REVISION-LINGUISTICA.md.,,,
qu,article.classroom.p2,"Materiales: una linterna, una pelota clara y un espacio donde se pueda bajar la luz. La linterna representa el Sol. La pelota representa la Luna. La persona que observa representa un punto de vista desde la Tierra.","Materialkuna: huk linterna, claro llimp'iyuq pelota, k'anchayta pisiyachina kiti. Linternaqa Intita rikuchin. Pelotaqa Killata rikuchin. Qhawaq runaqa kay Pachamanta qhawaqta rikuchin.",pendiente_validacion_local,Redacción simplificada con préstamos; volver a comprobar significado y naturalidad local. Ver cambios-naturalidad.json.,,,
qu,article.classroom.p3,Mantén la linterna fija. Otra persona mueve lentamente la pelota alrededor de quien observa. Mantén la pelota un poco por encima de la cabeza para evitar que el cuerpo bloquee la luz. No apuntes la linterna a los ojos.,"Linternata ama kuyuchiychu. Huk runa pelotata qhawaqpa muyuriqninpi allillamanta kuyuchichun. Pelotata umamanta aslla hanaqpi hap'iy, runapa kurkun k'anchayta ama hark'ananpaq. Linternawan ñawikunaman ama k'anchaychu.",pendiente_validacion_local,Redacción simplificada con préstamos; volver a comprobar significado y naturalidad local. Ver cambios-naturalidad.json.,,,
qu,article.classroom.p4,Observa qué parte de la pelota recibe luz y qué parte iluminada puedes ver. Dibuja tres posiciones. Conversa sobre la diferencia entre la parte iluminada y la parte visible.,"Pelotapa ima t'aqan k'anchayta chaskisqanta, chaymanta ima t'aqanta qhawayta atisqaykitapas qhaway. Kimsa posicionta siq'iy. K'anchasqa t'aqawan rikusqayki t'aqa imayna hukniray kasqanmanta rimay.",pendiente_validacion_local,Redacción simplificada con préstamos; volver a comprobar significado y naturalidad local. Ver cambios-naturalidad.json.,,,
qu,article.classroom.p5,El modelo no representa las distancias ni los tamaños reales. Tampoco explica por sí solo las fechas de los eclipses. Su objetivo es mostrar cómo cambia nuestra vista de una esfera iluminada.,"Kay modeloqa mana chiqaq distanciakunatachu nitaq sayaykunatachu rikuchin. Mana eclipsekunapa fechantapas sut'ichanchu. K'anchasqa pelotata qhawaspa, imayna rikhuriynin tikrakusqanta yachanapaqmi.",pendiente_validacion_local,Redacción simplificada con préstamos; volver a comprobar significado y naturalidad local. Ver cambios-naturalidad.json.,,,
qu,article.classroom.summary,Representa las fases de la Luna con materiales sencillos.,Mana sasa hap'inakunawan Killapa rikhuriyninpa tikraykunata rikuchiy.,pendiente_validacion_local,Revisar equivalencia conceptual y terminologia; ver REVISION-LINGUISTICA.md.,,,
qu,article.classroom.activity,Cada participante explica un dibujo. Pueden usar la lengua que prefieran. Registren las preguntas que todavía tengan para investigarlas en otra sesión.,"Sapa ruraq huk siq'ita sut'ichachun. Munasqanku simipi rimayta atinku. Tapuyninkuna puchuptinqa qillqachunku, wak huñunakuypi yachaqanankupaq.",pendiente_validacion_local,Revisar equivalencia conceptual y terminologia; ver REVISION-LINGUISTICA.md.,,,
qu,article.stars.activity,Para explorar: dibuja dos grupos de estrellas y vuelve a observarlos una hora después. ¿Cambió su posición? La rotación de la Tierra hace que parezcan desplazarse por el cielo.,"Riqsinapaq: iskay quyllur huñuta siq'iy, huk hora qhipamanta yapamanta qhaway. ¿Maypi kasqanku tikrakurqanchu? Kay Pachapa kikinpi muyuynin quyllurkunata hanaq pachapi puriqhina rikuchin.",pendiente_validacion_local,Revisar equivalencia conceptual y terminologia; ver REVISION-LINGUISTICA.md.,,,
qu,article.planets.activity,Actividad: dibuja la Luna durante varias noches y anota la fecha. Nunca observes directamente el Sol ni con binoculares o telescopios sin filtros solares adecuados.,"Ruray: achka tutakunapi Killata siq'iy, p'unchawta qillqay. Intita ama hayk'aqpas chiqanta qhawaychu, nitaq iskay ñawiyuq karu qhawanawan utaq telescopio nisqawan, Intipaq allin k'anchay hark'ana mana kaptin.",pendiente_validacion_local,Prioridad: cantidades o instrucciones de seguridad; verificar mediante retraduccion.,,,
qu,article.andes.activity,"Una actividad para compartir: pregunta a un familiar qué palabras usa para nombrar el cielo. Con su permiso, anota la palabra, su significado y la comunidad o variante a la que pertenece. No publiques relatos o grabaciones sin autorización.","Kuska ruranapaq: aylluykimanta huk runata tapuy, ima simikunawan hanaq pachata sutinchasqanmanta. Paypa saqiyninwan simita, ninanta, may ayllupa utaq ima rimaypa kasqantapas qillqay. Willakuykunata utaq uyarisqa waqaychasqakunata ama saqiy mana kaptin lluqsichiychu.",pendiente_validacion_local,Revisar equivalencia conceptual y terminologia; ver REVISION-LINGUISTICA.md.,,,
qu,ui.translationDraft,Traducción generada con ayuda de IA. Pendiente de revisión por hablantes locales.,IA nisqapa yanapayninwan tikrasqa. Llaqtapi rimaqkunapa qhawapayninta suyanraq.,pendiente_validacion_local,Lectura editorial asistida; requiere validar naturalidad y significado con hablantes.,,,
qu,source.solar,NASA · Sistema solar,NASA · Sistema solar,pendiente_validacion_local,Redacción simplificada con préstamos; volver a comprobar significado y naturalidad local. Ver cambios-naturalidad.json.,,,
qu,source.universe,NASA · Universo,NASA · Universo,pendiente_validacion_local,Redacción simplificada con préstamos; volver a comprobar significado y naturalidad local. Ver cambios-naturalidad.json.,,,
qu,source.sun,NASA · El Sol,NASA · Inti,pendiente_validacion_local,Lectura editorial asistida; requiere validar naturalidad y significado con hablantes.,,,
qu,source.moon,NASA · Fases de la Luna,NASA · Killapa rikhuriyninpa tikraykuna,pendiente_validacion_local,Lectura editorial asistida; requiere validar naturalidad y significado con hablantes.,,,
qu,source.earth,NASA · La Tierra,NASA · Kay Pacha,pendiente_validacion_local,Lectura editorial asistida; requiere validar naturalidad y significado con hablantes.,,,
qu,source.reniec,Reniec · Nombres quechuas y aimaras,"Reniec · Quechua, Aimara simikunapi sutikuna",pendiente_validacion_local,Lectura editorial asistida; requiere validar naturalidad y significado con hablantes.,,,
qu,source.minedu,Minedu · Vocabulario pedagógico aimara,Minedu · Aimara simipi yachachinapaq simikuna,pendiente_validacion_local,Lectura editorial asistida; requiere validar naturalidad y significado con hablantes.,,,
qu,source.mineduQu,Minedu · Biblioteca de quechua sureño,Minedu · Urin Quechua simipa mayt'u waqaychanan,pendiente_validacion_local,Lectura editorial asistida; requiere validar naturalidad y significado con hablantes.,,,
qu,ui.pauseMotion,Pausar animaciones,Kuyuykunata sayachiy,pendiente_validacion_local,Lectura editorial asistida; requiere validar naturalidad y significado con hablantes.,,,
qu,ui.resumeMotion,Activar animaciones,Kuyuykunata llamk'achiy,pendiente_validacion_local,Lectura editorial asistida; requiere validar naturalidad y significado con hablantes.,,,
qu,ui.contactLabel,CONTACTO,RIMANAKUY,pendiente_validacion_local,Lectura editorial asistida; requiere validar naturalidad y significado con hablantes.,,,
qu,ui.contactTitle,Contáctame,Ñuqawan rimay,pendiente_validacion_local,Lectura editorial asistida; requiere validar naturalidad y significado con hablantes.,,,
qu,ui.contactBio,"Soy estudiante de doctorado en ICMC–USP, ingeniero estadístico e informático por la UNA Puno, investigador RENACYT y quechuahablante.","ICMC–USP nisqapi doctorado yachaqmi kani. UNA Puno nisqamanta estadística, informática yachaykunapi ingenieromi kani. RENACYT yachaqaqmi kani, Quechua simitapas rimani.",pendiente_validacion_local,Lectura editorial asistida; requiere validar naturalidad y significado con hablantes.,,,
qu,ui.contactLinkedIn,Conversemos en LinkedIn,LinkedIn nisqapi rimanakusun,pendiente_validacion_local,Lectura editorial asistida; requiere validar naturalidad y significado con hablantes.,,,
qu,ui.volunteerLabel,COLABORA CON QAS,QAS NISQAWAN YANAPANAKUY,pendiente_validacion_local,Lectura editorial asistida; requiere validar naturalidad y significado con hablantes.,,,
qu,ui.volunteerTitle,Buscamos voluntarios,Munaspa yanapakuqkunata maskhayku,pendiente_validacion_local,Lectura editorial asistida; requiere validar naturalidad y significado con hablantes.,,,
qu,ui.volunteerDescription,Ayúdanos a acercar la ciencia a más comunidades. Buscamos personas que quieran aportar sus conocimientos. Escríbeme por LinkedIn para conversar.,Yachaykunata aswan achka ayllukunaman asuykachinaykupaq yanapawayku. Yachayninkuwan yanapay munaq runakunata maskhayku. Rimanakunapaq LinkedIn nisqapi qillqamuway.,pendiente_validacion_local,Lectura editorial asistida; requiere validar naturalidad y significado con hablantes.,,,
qu,ui.volunteerAreas,Áreas de colaboración,Yanapanapaq t'aqakuna,pendiente_validacion_local,Lectura editorial asistida; requiere validar naturalidad y significado con hablantes.,,,
qu,ui.volunteerLanguages,Idiomas,Simikuna,pendiente_validacion_local,Lectura editorial asistida; requiere validar naturalidad y significado con hablantes.,,,
qu,ui.volunteerDesign,Diseño,Diseño,pendiente_validacion_local,Redacción simplificada con préstamos; volver a comprobar significado y naturalidad local. Ver cambios-naturalidad.json.,,,
qu,ui.volunteerMarketing,Marketing,"Marketing, difusión",pendiente_validacion_local,Redacción simplificada con préstamos; volver a comprobar significado y naturalidad local. Ver cambios-naturalidad.json.,,,
qu,ui.volunteerCode,Programación,Programación,pendiente_validacion_local,Redacción simplificada con préstamos; volver a comprobar significado y naturalidad local. Ver cambios-naturalidad.json.,,,
qu,ui.volunteerMore,Y otras áreas,Wak t'aqakunapas,pendiente_validacion_local,Lectura editorial asistida; requiere validar naturalidad y significado con hablantes.,,,
qu,ui.articlePage,Abrir página del artículo,Qillqapa p'anqanta kichay,pendiente_validacion_local,Lectura editorial asistida; requiere validar naturalidad y significado con hablantes.,,,
qu,ui.shareLinkedIn,Compartir en LinkedIn,LinkedIn nisqapi rakiy,pendiente_validacion_local,Revisar terminologia digital; caracteres danados corregidos.,,,
qu,ui.copyPost,Copiar publicaci?n completa,Tukuy qillqata copiay,pendiente_validacion_local,Redacción simplificada con préstamos; volver a comprobar significado y naturalidad local. Ver cambios-naturalidad.json.,,,
qu,ui.postCopied,Texto copiado. P?galo en LinkedIn.,Qillqasqa copiasqaña. LinkedIn nisqapi k'askachiy.,pendiente_validacion_local,Revisar terminologia digital; caracteres danados corregidos.,,,
qu,ui.copyManually,Selecciona y copia el texto manualmente.,Qillqasqata akllaspa makiykiwan copiay.,pendiente_validacion_local,Revisar terminologia digital; caracteres danados corregidos.,,,
qu,ui.shareHelp,"Copia el texto y p?galo en una publicaci?n de LinkedIn. Si supera 3.000 caracteres, div?delo en varias publicaciones.","Qillqasqata copiaspa LinkedIn nisqapi k'askachiy. 3.000 sanampakunamanta aswan kaptin, achka qillqasqaman rakiy.",pendiente_validacion_local,Revisar terminologia digital; caracteres danados corregidos.,,,
qu,ui.shareText,Texto para compartir,LinkedIn nisqapi churanapaq qillqa,pendiente_validacion_local,Redacción simplificada con préstamos; volver a comprobar significado y naturalidad local. Ver cambios-naturalidad.json.,,,
qu,ui.shareImage,Descargar art?culo como imagen,Imagen hina descargay,pendiente_validacion_local,Redacción simplificada con préstamos; volver a comprobar significado y naturalidad local. Ver cambios-naturalidad.json.,,,
ay,ui.home,Inicio,Qallta,pendiente_validacion_local,Lectura editorial asistida; requiere validar naturalidad y significado con hablantes.,,,
ay,ui.explore,Explora el universo,Universota yatiqma,pendiente_validacion_local,Redacción simplificada con préstamos; volver a comprobar significado y naturalidad local. Ver cambios-naturalidad.json.,,,
ay,ui.knowledge,Saberes andinos,Andes suyuna yatiñanakapa,pendiente_validacion_local,Lectura editorial asistida; requiere validar naturalidad y significado con hablantes.,,,
ay,ui.community,Comunidad,Ayllu,pendiente_validacion_local,Lectura editorial asistida; requiere validar naturalidad y significado con hablantes.,,,
ay,ui.heroLabel,"DESDE LOS ANDES, HACIA LAS ESTRELLAS","ANDES SUYUTPACHANA, WARA WARANAKARU",pendiente_validacion_local,Lectura editorial asistida; requiere validar naturalidad y significado con hablantes.,,,
ay,ui.heroTitle,Un mismo cielo.,Mä sapa alaxpacha.,pendiente_validacion_local,Lectura editorial asistida; requiere validar naturalidad y significado con hablantes.,,,
ay,ui.heroDescription,Aprende sobre el espacio con explicaciones sencillas y actividades. QAS conecta la astronomía con las lenguas de las comunidades del Perú.,"Willkata, Phaxsita, wara waranakata arusana yatiqañäni. QAS ukanxa jasaki qillqatanakampi mayacht'asis lurañataki actividadnakampi utji.",pendiente_validacion_local,Redacción simplificada con préstamos; volver a comprobar significado y naturalidad local. Ver cambios-naturalidad.json.,,,
ay,ui.start,Comienza a explorar,Uñt'aña qalltañäni,pendiente_validacion_local,Lectura editorial asistida; requiere validar naturalidad y significado con hablantes.,,,
ay,ui.mission,Conoce QAS,QAS uñt'ama,pendiente_validacion_local,Lectura editorial asistida; requiere validar naturalidad y significado con hablantes.,,,
ay,ui.languages,Un proyecto para cuatro lenguas,Pusi arutaki mä wakichawi,pendiente_validacion_local,Lectura editorial asistida; requiere validar naturalidad y significado con hablantes.,,,
ay,ui.origin,"Desde Puno, Perú","Puno, Perú suyutpacha",pendiente_validacion_local,Lectura editorial asistida; requiere validar naturalidad y significado con hablantes.,,,
ay,ui.everyone,Para todas las edades,"Wawanakataki, jilïrinakatakisa",pendiente_validacion_local,Redacción simplificada con préstamos; volver a comprobar significado y naturalidad local. Ver cambios-naturalidad.json.,,,
ay,ui.place,Nuestra inspiración: el cielo de los Andes,Amuyt'ayirixa: Andes suyuna alaxpachapa,pendiente_validacion_local,Lectura editorial asistida; requiere validar naturalidad y significado con hablantes.,,,
ay,ui.photoNote,Imagen de montaña referencial · Constelación ilustrativa,Qulluna uñacht'ayiri jamuqapa · Wara waranakana siqipa,pendiente_validacion_local,Lectura editorial asistida; requiere validar naturalidad y significado con hablantes.,,,
ay,ui.skySpeaks,El cielo habla nuestras lenguas.,Alaxpachaxa arunakasampi parli.,pendiente_validacion_local,Lectura editorial asistida; requiere validar naturalidad y significado con hablantes.,,,
ay,ui.discoverWords,"Descubre una palabra, conecta un mundo.","Mä aru uñt'ama, mä pachampi chikthaptama.",pendiente_validacion_local,Lectura editorial asistida; requiere validar naturalidad y significado con hablantes.,,,
ay,ui.sunWord,Sol · Quechua / Aimara,Willka · Quechua / Aimara,pendiente_validacion_local,Lectura editorial asistida; requiere validar naturalidad y significado con hablantes.,,,
ay,ui.moonWord,Luna · Quechua / Aimara,Phaxsi · Quechua / Aimara,pendiente_validacion_local,Lectura editorial asistida; requiere validar naturalidad y significado con hablantes.,,,
ay,ui.starWord,Estrella · Quechua / Aimara,Wara wara · Quechua / Aimara,pendiente_validacion_local,Lectura editorial asistida; requiere validar naturalidad y significado con hablantes.,,,
ay,ui.curiosity,LA CURIOSIDAD NO TIENE FRONTERAS,YATIÑA MUNAÑAXA JANIWA QURPANIKITI,pendiente_validacion_local,Lectura editorial asistida; requiere validar naturalidad y significado con hablantes.,,,
ay,ui.exploreTitle,Un universo por descubrir,Universota juk'ampi yatiqañäni,pendiente_validacion_local,Redacción simplificada con préstamos; volver a comprobar significado y naturalidad local. Ver cambios-naturalidad.json.,,,
ay,ui.exploreDescription,Elige un tema. Lee una explicación y realiza una actividad.,"Mä tema ajllima. Qillqata ullama, ukatxa actividad lurama.",pendiente_validacion_local,Redacción simplificada con préstamos; volver a comprobar significado y naturalidad local. Ver cambios-naturalidad.json.,,,
ay,ui.viewAll,Ver todos los temas,Taqi temanaka uñjaña,pendiente_validacion_local,Redacción simplificada con préstamos; volver a comprobar significado y naturalidad local. Ver cambios-naturalidad.json.,,,
ay,ui.all,Todos,Taqpacha,pendiente_validacion_local,Lectura editorial asistida; requiere validar naturalidad y significado con hablantes.,,,
ay,ui.astronomy,Astronomía,Astronomía,pendiente_validacion_local,Redacción simplificada con préstamos; volver a comprobar significado y naturalidad local. Ver cambios-naturalidad.json.,,,
ay,ui.solar,Sistema solar,Sistema solar,pendiente_validacion_local,Redacción simplificada con préstamos; volver a comprobar significado y naturalidad local. Ver cambios-naturalidad.json.,,,
ay,ui.andino,Mirada andina,Andes suyuna uñjatapa,pendiente_validacion_local,Lectura editorial asistida; requiere validar naturalidad y significado con hablantes.,,,
ay,ui.astronomyTag,ASTRONOMÍA,ASTRONOMÍA,pendiente_validacion_local,Redacción simplificada con préstamos; volver a comprobar significado y naturalidad local. Ver cambios-naturalidad.json.,,,
ay,ui.solarTag,SISTEMA SOLAR,SISTEMA SOLAR,pendiente_validacion_local,Redacción simplificada con préstamos; volver a comprobar significado y naturalidad local. Ver cambios-naturalidad.json.,,,
ay,ui.andinoTag,MIRADA ANDINA,ANDES SUYUNA UÑJATAPA,pendiente_validacion_local,Lectura editorial asistida; requiere validar naturalidad y significado con hablantes.,,,
ay,ui.roots,CIENCIA CON RAÍCES,SAPHINI YATIÑA,pendiente_validacion_local,Lectura editorial asistida; requiere validar naturalidad y significado con hablantes.,,,
ay,ui.rootsTitle,Aprendemos ciencia y valoramos nuestras lenguas.,"Cienciata yatiqañäni, arunakasarusa yäqañäni.",pendiente_validacion_local,Redacción simplificada con préstamos; volver a comprobar significado y naturalidad local. Ver cambios-naturalidad.json.,,,
ay,ui.rootsDescription,Compartimos explicaciones de astronomía y palabras para nombrar el cielo. Los conocimientos de cada comunidad se incorporan con sus propias voces.,"Astronomíata yatiqañäni, alaxpacharu sutichañataki arunaksa uñt'añäni. Sapa aylluxa yatiñanakapa pachpa arupampi yatiyani.",pendiente_validacion_local,Redacción simplificada con préstamos; volver a comprobar significado y naturalidad local. Ver cambios-naturalidad.json.,,,
ay,ui.rootsButton,Lenguas y comunidad,Arunakampi ayllumpi,pendiente_validacion_local,Lectura editorial asistida; requiere validar naturalidad y significado con hablantes.,,,
ay,ui.observeLabel,TU PRIMER VIAJE EMPIEZA AQUÍ,NAYRÏRI SARAWIMAXA AKANA QALLTI,pendiente_validacion_local,Lectura editorial asistida; requiere validar naturalidad y significado con hablantes.,,,
ay,ui.observeTitle,"Esta noche, mira hacia arriba.","Jichha aruma, alaxaru uñtama.",pendiente_validacion_local,Lectura editorial asistida; requiere validar naturalidad y significado con hablantes.,,,
ay,ui.observeDescription,No necesitas un telescopio para empezar. Comparte un momento bajo las estrellas con tu familia o comunidad y lleva un cuaderno de descubrimientos.,Qalltañatakixa janiwa telescopio wakiskiti. Wilamasimampi jan ukaxa ayllumampi wara waranaka uñakipma. Uñjatama qillqañataki mä cuaderno apma.,pendiente_validacion_local,Redacción simplificada con préstamos; volver a comprobar significado y naturalidad local. Ver cambios-naturalidad.json.,,,
ay,ui.download,Descargar guía de observación,Guía apaqaña,pendiente_validacion_local,Redacción simplificada con préstamos; volver a comprobar significado y naturalidad local. Ver cambios-naturalidad.json.,,,
ay,ui.step1,"Busca un lugar seguro, con poca luz artificial y el cielo despejado. Lleva abrigo y compañía.","Mä jan chijini chiqawja thaqma, jaqina lurata qhanaxa juk'aki utjpan, alaxpachasti qinayampi jan imantatäpan. Thuru isinaka apma, maynimpi sarma.",pendiente_validacion_local,Lectura editorial asistida; requiere validar naturalidad y significado con hablantes.,,,
ay,ui.step2,Deja que tus ojos se acostumbren a la oscuridad durante unos 20 minutos. Evita mirar la pantalla.,Nayranakamaxa ch'amakaru yatintañapataki niya 20 minutonaka suyma. Pantalla jan uñch'ukimti.,pendiente_validacion_local,Lectura editorial asistida; requiere validar naturalidad y significado con hablantes.,,,
ay,ui.step3,"Dibuja lo que observas. Anota la hora, el lugar y las palabras con las que tu familia nombra el cielo.","Uñjatama siqsuña lurama. Pachsa, chiqawjsa, wilamasimana alaxpacharu sutichañataki arunakapsa qillqma.",pendiente_validacion_local,Lectura editorial asistida; requiere validar naturalidad y significado con hablantes.,,,
ay,ui.footer,"Hecho para conectar la Tierra con el cielo. Puno, Perú.","Uraqimpi alaxpachampi chikthapiñataki lurata. Puno, Perú.",pendiente_validacion_local,Lectura editorial asistida; requiere validar naturalidad y significado con hablantes.,,,
ay,ui.sources,Fuentes y lenguas ↗,Yatiñ utjirinakampi arunakampi ↗,pendiente_validacion_local,Lectura editorial asistida; requiere validar naturalidad y significado con hablantes.,,,
ay,ui.heroAccent,Muchas voces.,Walja arunaka.,pendiente_validacion_local,Lectura editorial asistida; requiere validar naturalidad y significado con hablantes.,,,
ay,ui.readArticle,Leer artículo,Qillqata ullaña,pendiente_validacion_local,Lectura editorial asistida; requiere validar naturalidad y significado con hablantes.,,,
ay,ui.activity,Actividad para compartir,Mayacht'asis lurañataki actividad,pendiente_validacion_local,Redacción simplificada con préstamos; volver a comprobar significado y naturalidad local. Ver cambios-naturalidad.json.,,,
ay,ui.sourceHeading,Fuentes para seguir aprendiendo,Yatiqaskakiñataki utjirinaka,pendiente_validacion_local,Lectura editorial asistida; requiere validar naturalidad y significado con hablantes.,,,
ay,ui.close,Cerrar artículo,Qillqata jist'antaña,pendiente_validacion_local,Lectura editorial asistida; requiere validar naturalidad y significado con hablantes.,,,
ay,ui.mainNav,Navegación principal,Menú principal,pendiente_validacion_local,Redacción simplificada con préstamos; volver a comprobar significado y naturalidad local. Ver cambios-naturalidad.json.,,,
ay,ui.chooseLanguage,Seleccionar idioma,Aru ajlliña,pendiente_validacion_local,Lectura editorial asistida; requiere validar naturalidad y significado con hablantes.,,,
ay,ui.filterTopics,Filtrar temas,Temanaka ajlliña,pendiente_validacion_local,Redacción simplificada con préstamos; volver a comprobar significado y naturalidad local. Ver cambios-naturalidad.json.,,,
ay,ui.homeLabel,QAS: ir al inicio,QAS: qalltawiru saraña,pendiente_validacion_local,Lectura editorial asistida; requiere validar naturalidad y significado con hablantes.,,,
ay,ui.pendingTranslation,La traducción a esta lengua está en preparación. Los textos sin traducir se muestran en español.,Aka aruru jaqukipañaxa wakichasiskiwa. Jan jaqukipata qillqatanakaxa castellano aruna uñacht'ayasi.,pendiente_validacion_local,Lectura editorial asistida; requiere validar naturalidad y significado con hablantes.,,,
ay,ui.logTitle,Registro de observación,Uñjata qillqawi,pendiente_validacion_local,Lectura editorial asistida; requiere validar naturalidad y significado con hablantes.,,,
ay,ui.logDate,Fecha:,Fecha:,pendiente_validacion_local,Redacción simplificada con préstamos; volver a comprobar significado y naturalidad local. Ver cambios-naturalidad.json.,,,
ay,ui.logTime,Hora:,Hora:,pendiente_validacion_local,Redacción simplificada con préstamos; volver a comprobar significado y naturalidad local. Ver cambios-naturalidad.json.,,,
ay,ui.logPlace,Lugar:,Chiqawja:,pendiente_validacion_local,Lectura editorial asistida; requiere validar naturalidad y significado con hablantes.,,,
ay,ui.logWeather,Estado del cielo:,Alaxpachana kunjamätapa:,pendiente_validacion_local,Lectura editorial asistida; requiere validar naturalidad y significado con hablantes.,,,
ay,ui.logSeen,Lo que observé:,Uñjataxa:,pendiente_validacion_local,Lectura editorial asistida; requiere validar naturalidad y significado con hablantes.,,,
ay,ui.logWords,Palabras de mi comunidad:,Ayllujana arunakapa:,pendiente_validacion_local,Lectura editorial asistida; requiere validar naturalidad y significado con hablantes.,,,
ay,ui.sunSafety,"Nunca mires directamente al Sol. Para empezar, observa el cielo nocturno.",Willkaruxa janipuni chiqaki uñch'ukimti. Qalltañatakixa arumana alaxpacha uñakipma.,pendiente_validacion_local,Prioridad: cantidades o instrucciones de seguridad; verificar mediante retraduccion.,,,
ay,ui.pageTitle,QAS · Aprende sobre el espacio,QAS · Alaxpachata yatiqma,pendiente_validacion_local,Lectura editorial asistida; requiere validar naturalidad y significado con hablantes.,,,
ay,ui.pageDescription,"Aprende sobre el Sol, la Luna, la Tierra y las estrellas. Contenido educativo de QAS para familias y comunidades del Perú.","Willkata, Phaxsita, Uraqita, wara waranakat yatiqma. Perú suyuna wilamasinakapataki ayllunakapataki QAS yatichiri qillqatanaka.",pendiente_validacion_local,Lectura editorial asistida; requiere validar naturalidad y significado con hablantes.,,,
ay,ui.learningTag,ACTIVIDADES,ACTIVIDADNAKA,pendiente_validacion_local,Redacción simplificada con préstamos; volver a comprobar significado y naturalidad local. Ver cambios-naturalidad.json.,,,
ay,ui.learning,Actividades,Actividadnaka,pendiente_validacion_local,Redacción simplificada con préstamos; volver a comprobar significado y naturalidad local. Ver cambios-naturalidad.json.,,,
ay,ui.glossaryTerm,Palabra,Aru,pendiente_validacion_local,Lectura editorial asistida; requiere validar naturalidad y significado con hablantes.,,,
ay,ui.glossaryMeaning,Significado,Sañapa,pendiente_validacion_local,Lectura editorial asistida; requiere validar naturalidad y significado con hablantes.,,,
ay,ui.noScript,Los artículos y los enlaces de idioma funcionan sin JavaScript. Actívalo para usar los filtros y las animaciones.,"JavaScript jan utjkipansa qillqatanaka ullasma, yaqha aruru mantasma. Filtronakampi animacionanakampi apnaqañataki JavaScript activama.",pendiente_validacion_local,Redacción simplificada con préstamos; volver a comprobar significado y naturalidad local. Ver cambios-naturalidad.json.,,,
ay,article.stars.title,Las estrellas y las galaxias,Wara waranakampi galaxianakampi,pendiente_validacion_local,Redacción simplificada con préstamos; volver a comprobar significado y naturalidad local. Ver cambios-naturalidad.json.,,,
ay,article.stars.p1,Las estrellas son enormes esferas de gas caliente que producen energía en su interior. Nuestro Sol es una de ellas. La luz de otras estrellas tarda años en llegar a nuestros ojos: mirar el cielo también es mirar al pasado.,Wara waranakaxa junt'u gas ukata lurata jach'a muruq'unakawa. Manqhapana ch'ama utjayapxi. Willkasaxa uka wara waranakat maynïriwa. Yaqha wara waranakana qhanapaxa nayranakasaru puriñatakixa maranakawa pasi. Alaxpacha uñjañaxa nayra pacha uñjañarakïwa.,pendiente_validacion_local,Revisar equivalencia conceptual y terminologia; ver REVISION-LINGUISTICA.md.,,,
ay,article.stars.p2,"Las estrellas se agrupan en galaxias. Nosotros vivimos en la Vía Láctea, que contiene miles de millones de estrellas. En una noche oscura, parte de ella puede verse como una franja tenue que cruza el cielo.",Galaxia sataxa walja wara waranakana tantachawipawa. Jiwasaxa Vía Láctea sutini galaxiana jakastana. Ukanxa miles de millones sata walja wara waranakawa utji. Ch'amaka arumanxa mä chiqapaxa alaxpachana llamp'u qhana siqjamawa uñjasi.,pendiente_validacion_local,Redacción simplificada con préstamos; volver a comprobar significado y naturalidad local. Ver cambios-naturalidad.json.,,,
ay,article.stars.p3,Las nebulosas son nubes de gas y polvo. En algunas nacen estrellas; otras contienen material expulsado por estrellas al final de su vida. Las fotografías de telescopios muestran detalles y colores que nuestros ojos no siempre pueden distinguir.,Nebulosanakaxa gas ukat laq'a qinayanakawa. Yaqhipa uka qinayanakana machaq wara waranakawa yuri. Yaqhipansti wara waranakana jakañapa tukuyasina anqaru jaqsuta yänakawa utji. Telescopiompi apsuta fotonakanxa nayranakasampi jan uñjañjama jisk'a chiqanakampi saminakampi uñjasi.,pendiente_validacion_local,Redacción simplificada con préstamos; volver a comprobar significado y naturalidad local. Ver cambios-naturalidad.json.,,,
ay,article.stars.summary,"Conoce las estrellas, las galaxias y las nubes de gas del espacio.","Wara waranaka, galaxianaka, nebulosanaka uñt'ama.",pendiente_validacion_local,Redacción simplificada con préstamos; volver a comprobar significado y naturalidad local. Ver cambios-naturalidad.json.,,,
ay,article.planets.title,El sistema solar,Sistema solar,pendiente_validacion_local,Redacción simplificada con préstamos; volver a comprobar significado y naturalidad local. Ver cambios-naturalidad.json.,,,
ay,article.planets.p1,El sistema solar está formado por el Sol y los cuerpos que orbitan a su alrededor. El Sol es una estrella; los planetas brillan principalmente porque reflejan su luz.,Sistema solar ukaxa Willkampi muyupana sariri planetanakampi yaqha yänakampiwa. Willkaxa mä wara warawa. Planetanakaxa jilpachaxa Willkana qhanapa kutt'ayasawa lliphipipxi.,pendiente_validacion_local,Redacción simplificada con préstamos; volver a comprobar significado y naturalidad local. Ver cambios-naturalidad.json.,,,
ay,article.planets.p2,"Desde el Sol, los ocho planetas son Mercurio, Venus, Tierra, Marte, Júpiter, Saturno, Urano y Neptuno. Los primeros cuatro tienen superficies rocosas. Júpiter y Saturno son gigantes gaseosos; Urano y Neptuno se clasifican como gigantes de hielo.","Willkatpacha jakthapisina, kimsaqallqu planetanakaxa Mercurio, Venus, Tierra, Marte, Júpiter, Saturno, Urano, Neptuno ukanakawa. Nayrïri pusi planetanakaxa qala patanïpxiwa. Júpiter ukat Saturno jach'a gas planetanakawa. Urano ukat Neptuno jach'a chhullunkha planetanakawa sata.",pendiente_validacion_local,Revisar equivalencia conceptual y terminologia; ver REVISION-LINGUISTICA.md.,,,
ay,article.planets.p3,"Los anillos de Saturno contienen innumerables fragmentos de hielo y roca. Aunque en las ilustraciones parecen sólidos, están formados por partículas de distintos tamaños.","Saturnona muyu siwinakapaxa jan jakt'kaña chhullunkha, qala t'unanakanïwa. Siqitanakana mä sapa ch'ullqhi yäjama uñjasipkchisa, kunaymana tañani jisk'a t'unanakat luratawa.",pendiente_validacion_local,Revisar equivalencia conceptual y terminologia; ver REVISION-LINGUISTICA.md.,,,
ay,article.planets.p4,"También hay lunas, asteroides, cometas y planetas enanos, como Plutón. Nuestra Luna no emite luz propia: vemos la parte iluminada por el Sol. Sus fases cambian según la posición relativa de la Tierra, la Luna y el Sol.","Phaxsinaka, asteroidenaka, cometanaka, Plutón ukjama planeta enano satanakasa utji. Phaxsisaxa janiwa pachpa qhanapa utjaykiti. Willkana qhantayata chiqapa uñjtana. Uraqina, Phaxsina, Willkana kawkhankataparjamawa Phaxsina uñtasipaxa mayjt'i.",pendiente_validacion_local,Redacción simplificada con préstamos; volver a comprobar significado y naturalidad local. Ver cambios-naturalidad.json.,,,
ay,article.planets.summary,"Descubre el Sol, los ocho planetas y otros cuerpos del sistema solar.","Willka, kimsaqallqu planetanaka, Willka muyuna yaqha yänaka uñt'ama.",pendiente_validacion_local,Revisar equivalencia conceptual y terminologia; ver REVISION-LINGUISTICA.md.,,,
ay,article.andes.title,Las lenguas y el cielo,Arunakampi alaxpachampi,pendiente_validacion_local,Revisar equivalencia conceptual y terminologia; ver REVISION-LINGUISTICA.md.,,,
ay,article.andes.p1,"Inti y Willka son voces relacionadas con el Sol en quechua y aimara. Killa y Phaxsi nombran la Luna; Qoyllur y Wara wara, las estrellas. Las grafías y los usos pueden variar entre comunidades.",Inti ukat Willka arunakaxa Quechua aruna Aimara aruna Willkaru sutichapxi. Killa ukat Phaxsi arunakaxa Phaxsiru sutichapxi. Qoyllur ukat Wara wara arunakaxa wara waranakaru sutichapxi. Qillqañasa apnaqañasa aylluta aylluru mayjt'aspawa.,pendiente_validacion_local,Revisar equivalencia conceptual y terminologia; ver REVISION-LINGUISTICA.md.,,,
ay,article.andes.p2,"QAS propone aprender astronomía y abrir un espacio para las lenguas originarias. No existe una sola mirada andina: cada comunidad tiene sus propias voces, experiencias y formas de transmitir conocimientos.","QAS ukaxa alaxpachata yatiqaña, nayra arunakataki mä chiqawja jist'araña amti. Andes suyuna janiwa mä sapa uñjañakikiti. Sapa aylluna pachpa arunakapa, jakawinakapa, yatiñanaka yatiyañataki sarawinakapa utji.",pendiente_validacion_local,Revisar equivalencia conceptual y terminologia; ver REVISION-LINGUISTICA.md.,,,
ay,article.andes.p4,Esta versión incluye artículos en cuatro lenguas. Las traducciones al quechua y al aimara son borradores generados con ayuda de IA. Todavía necesitan revisión y adaptación por hablantes de las comunidades.,Akana pusi aruna qillqatanakawa utji. Quechua ukat Aimara aruru jaqukipatanakaxa IA yanapampi lurata nayrïri qillqatanakakïskiwa. Ayllunakankiri parlirinakana uñakipañapa askichañapa suyasipki.,pendiente_validacion_local,Revisar equivalencia conceptual y terminologia; ver REVISION-LINGUISTICA.md.,,,
ay,article.andes.summary,Conoce palabras para nombrar el cielo y una forma de aprender en comunidad.,"Alaxpacharu sutichañataki arunaka, aylluna mayacht'asis yatiqañataki mä sara uñt'ama.",pendiente_validacion_local,Revisar equivalencia conceptual y terminologia; ver REVISION-LINGUISTICA.md.,,,
ay,article.mission.title,Un mismo cielo. Muchas voces.,Mä sapa alaxpacha. Walja arunaka.,pendiente_validacion_local,Revisar equivalencia conceptual y terminologia; ver REVISION-LINGUISTICA.md.,,,
ay,article.mission.p1,"QAS — Quechua Aimara Space — es una propuesta educativa para acercar el espacio a comunidades de Puno y del Perú. Está pensada para estudiantes, familias y personas curiosas de todas las edades.","QAS — Quechua Aimara Space — ukaxa alaxpacha Puno, Perú suyuna ayllunakaparu jak'achayañataki mä yatichawi wakichawiwa. Yatiqirinakataki, wilamasinakataki, taqi marani yatiña muniri jaqinakataki wakichatawa.",pendiente_validacion_local,Revisar equivalencia conceptual y terminologia; ver REVISION-LINGUISTICA.md.,,,
ay,article.mission.p2,"Aquí puedes explorar conceptos de astronomía, aprender vocabulario y descargar una guía para observar el cielo sin telescopio.","Akana astronomíata yatiqasma, arunaka uñt'asma. Telescopio jan utjkipansa alaxpacha uñakipañataki guía apaqasma.",pendiente_validacion_local,Redacción simplificada con préstamos; volver a comprobar significado y naturalidad local. Ver cambios-naturalidad.json.,,,
ay,article.mission.p3,"Puedes leer los artículos en español, inglés, quechua y aimara. Las versiones en quechua y aimara son primeras traducciones. Queda pendiente revisarlas con hablantes locales y adaptarlas a sus variantes.","Qillqatanakaxa castellano, inglés, Quechua, Aimara arunakana ullañjama utji. Quechua ukat Aimara aruna jaqukipatanakaxa nayrïri qillqatanakakïskiwa. Markankiri parlirinakampi uñakipañaxa wakiskaskiwa, sapa chiqawjana parlañapa yäqasa.",pendiente_validacion_local,Revisar equivalencia conceptual y terminologia; ver REVISION-LINGUISTICA.md.,,,
ay,article.sources.title,Fuentes y lenguas,Yatiñ utjirinakampi arunakampi,pendiente_validacion_local,Revisar equivalencia conceptual y terminologia; ver REVISION-LINGUISTICA.md.,,,
ay,article.sources.p1,Los conceptos de astronomía se acompañan de enlaces a recursos educativos de NASA. El vocabulario se apoya en materiales de Reniec y del Ministerio de Educación del Perú.,Alaxpachata qhanañchawinakampi chikaxa NASA yatichiri qillqatanakaparu mantañataki chinuñanakawa utji. Arunakaxa Reniec ukat Perú suyuna Ministerio de Educación qillqatanakapana yanapapampiwa wakichata.,pendiente_validacion_local,Revisar equivalencia conceptual y terminologia; ver REVISION-LINGUISTICA.md.,,,
ay,article.sources.p2,"Quechua y aimara son lenguas con variantes y contextos propios. Las traducciones son borradores generados con ayuda de IA, aún sin validación de hablantes locales. Se conservan los nombres propios. Los términos científicos se acompañan de explicaciones sencillas.","Quechua ukat Aimara arunakaxa mayja parlañanakani, pachpa jakawinakanirakiwa. Jaqukipatanakaxa IA yanapampi lurata nayrïri qillqatanakawa; markankiri parlirinakaxa janïrawa chiqaparjamätapa uñakipapkiti. Pachpa sutinakaxa imatawa. Yatiñ arunakaxa jasaki qhanañchawinakampi chikawa uchasi.",pendiente_validacion_local,Revisar equivalencia conceptual y terminologia; ver REVISION-LINGUISTICA.md.,,,
ay,article.sources.p3,La fotografía de montaña es ilustrativa y no está identificada como una fotografía de Puno. Fotografía: Unsplash. Los símbolos de los temas y la constelación son ilustraciones; no representan una observación actual.,Qulluna jamuqapaxa qhanañchañatakikiwa. Janiwa Puno markana apsuta jamuqa satäkiti. Jamuqa: Unsplash. Yatichawinakana chimpunakapampi wara waranakana siqipampixa siqitanakawa; janiwa jichha pachana uñjata alaxpacha uñacht'ayapkiti.,pendiente_validacion_local,Revisar equivalencia conceptual y terminologia; ver REVISION-LINGUISTICA.md.,,,
ay,article.sun.title,El Sol: nuestra estrella,Willka: wara warasaxa,pendiente_validacion_local,Revisar equivalencia conceptual y terminologia; ver REVISION-LINGUISTICA.md.,,,
ay,article.sun.p1,El Sol es la estrella más cercana a la Tierra. Su luz y su calor permiten muchas de las condiciones que necesita la vida en nuestro planeta.,Willkaxa Uraqiru juk'ampi jak'ankiri wara warawa. Qhanapampi junt'upampixa aka planetasana jakañataki walja wakisirinaka utjayapxi.,pendiente_validacion_local,Revisar equivalencia conceptual y terminologia; ver REVISION-LINGUISTICA.md.,,,
ay,article.sun.p2,"El Sol está formado principalmente por hidrógeno y helio. En su centro, la fusión nuclear transforma hidrógeno en helio y libera energía. No es una fogata: su energía se produce de otra manera.","Willkaxa jilpachaxa hidrógeno ukat helio sata yänakat luratawa. Taypipana fusión nuclear sat mayachasiwixa hidrógeno ukxa helio ukaru tukuyi, ukatxa ch'ama antuti. Janiwa nina nakhantäwikiti: ch'amapaxa yaqha tuqitawa utji.",pendiente_validacion_local,Revisar equivalencia conceptual y terminologia; ver REVISION-LINGUISTICA.md.,,,
ay,article.sun.p3,La luz del Sol tarda unos ocho minutos en llegar a la Tierra. Esa luz ilumina también la Luna y los planetas.,Willkana qhanapaxa Uraqiru puriñatakixa niya kimsaqallqu minutonaka qhipt'i. Uka qhanaxa Phaxsiru planetanakarusa qhantayarakiwa.,pendiente_validacion_local,Revisar equivalencia conceptual y terminologia; ver REVISION-LINGUISTICA.md.,,,
ay,article.sun.p4,"Nunca mires directamente al Sol. Los lentes de sol comunes no protegen los ojos para observarlo. Esta actividad consiste en observar sombras, sin dirigir la mirada al Sol.","Willkaruxa janipuni chiqaki uñch'ukimti. Sapüru lupita jark'aqasiña lentes ukanakaxa janiwa Willka uñjañataki nayranaka jark'aqkiti. Aka lurawixa ch'iwinaka uñakipañawa, Willkaru jan uñtasa.",pendiente_validacion_local,Prioridad: cantidades o instrucciones de seguridad; verificar mediante retraduccion.,,,
ay,article.sun.summary,Aprende de dónde vienen la luz y el calor del Sol.,Willkana qhanapampi junt'upampi kawkita jutapki uk yatiqma.,pendiente_validacion_local,Revisar equivalencia conceptual y terminologia; ver REVISION-LINGUISTICA.md.,,,
ay,article.sun.activity,Coloca un objeto sobre el suelo en un lugar seguro. Dibuja su sombra por la mañana y por la tarde. Anota la hora y compara la dirección y el tamaño de las sombras.,"Mä jan chijini chiqawjana mä yä uraqi pataru uchma. Alwata jayp'usa ch'iwipa siqsuma. Pacha qillqma, ukatxa ch'iwinakana kawkjaru uñtatätapsa tañapsa kikipt'ayma.",pendiente_validacion_local,Revisar equivalencia conceptual y terminologia; ver REVISION-LINGUISTICA.md.,,,
ay,article.moon.title,La Luna y sus fases,Phaxsi: kunatsa uñtasipaxa mayjt'i,pendiente_validacion_local,Redacción simplificada con préstamos; volver a comprobar significado y naturalidad local. Ver cambios-naturalidad.json.,,,
ay,article.moon.p1,La Luna es el satélite natural de la Tierra. Un satélite natural es un cuerpo que gira alrededor de un planeta. La Luna refleja la luz del Sol.,"Phaxsixa Uraqina satélite natural satapawa. Ukaxa mä planeta muyupana sariri yäwa, janiwa jaqina luratäkiti. Phaxsixa Willkana qhanapa kutt'ayi.",pendiente_validacion_local,Redacción simplificada con préstamos; volver a comprobar significado y naturalidad local. Ver cambios-naturalidad.json.,,,
ay,article.moon.p2,La mitad de la Luna recibe luz solar. Desde la Tierra vemos distintas porciones de esa mitad iluminada. Por eso parece cambiar de forma. Estos cambios se llaman fases.,Phaxsina chikapaxa Willkana qhanapa katuqi. Uraqitpachaxa uka qhantata chikana mayja chiqanakapa uñjtana. Ukatwa mayja uñnaqani tukurjama uñjasi. Uka mayjt'awinakaxa sunaqi satawa.,pendiente_validacion_local,Revisar equivalencia conceptual y terminologia; ver REVISION-LINGUISTICA.md.,,,
ay,article.moon.p3,"En la luna nueva, la cara iluminada apunta principalmente en dirección opuesta a la Tierra. En la luna llena, vemos casi toda esa cara iluminada. Entre ambas hay fases crecientes y menguantes. El ciclo dura unos 29 días y medio.","Wawa phaxsina qhantata ajanupaxa jilpachaxa Uraqita maysaru uñtatawa. Urt'a phaxsinsti niya taqpacha uka qhantata ajanu uñjtana. Uka pä pachanak taypina jiliri, jisk'aptiri sunaqinakawa utji. Aka muyuxa niya 29 urumpi mä chikat urumpi qhipt'i.",pendiente_validacion_local,Revisar equivalencia conceptual y terminologia; ver REVISION-LINGUISTICA.md.,,,
ay,article.moon.p4,"Las fases no se producen por la sombra de la Tierra. La sombra terrestre puede oscurecer la Luna durante un eclipse lunar. La Luna también puede verse de día, según su fase y posición.","Phaxsina sunaqinakapaxa janiwa Uraqina ch'iwipata utjkiti. Phaxsi ch'amakt'kipanxa Uraqina ch'iwipaxa Phaxsiru ch'amakt'ayaspawa. Phaxsixa urunsa uñjasirakispawa, sunaqiparu kawkhankataparjama.",pendiente_validacion_local,Revisar equivalencia conceptual y terminologia; ver REVISION-LINGUISTICA.md.,,,
ay,article.moon.summary,Entiende por qué la Luna parece cambiar de forma.,Kunatsa Phaxsixa mayja uñnaqani tukurjama uñjasi uk amuyma.,pendiente_validacion_local,Revisar equivalencia conceptual y terminologia; ver REVISION-LINGUISTICA.md.,,,
ay,article.moon.activity,"Observa la Luna durante una semana cuando sea visible. Dibuja la parte iluminada y anota la fecha y la hora. Si no la ves, registra si había nubes o edificios en esa dirección.","Mä simana Phaxsi uñakipma, uñjaskani ukhaxa. Qhantata chiqapa siqsuma, urumpi pachampi qillqma. Jan uñjksta ukhaxa, uka tuqina qinayanaka jan ukaxa utanaka utjatapa qillqma.",pendiente_validacion_local,Revisar equivalencia conceptual y terminologia; ver REVISION-LINGUISTICA.md.,,,
ay,article.earth.title,"La Tierra, el día y las estaciones","Uraqi, uru, marana pachanakapa",pendiente_validacion_local,Revisar equivalencia conceptual y terminologia; ver REVISION-LINGUISTICA.md.,,,
ay,article.earth.p1,"La Tierra es el planeta donde vivimos. Tiene una atmósfera, una capa de gases que rodea el planeta, y agua líquida en su superficie.",Uraqixa jakasktan uka planetawa. Atmósfera sat gasanakawa muyuntayi. Patapanxa estado líquido sat umawa utjaraki.,pendiente_validacion_local,Redacción simplificada con préstamos; volver a comprobar significado y naturalidad local. Ver cambios-naturalidad.json.,,,
ay,article.earth.p2,La Tierra gira sobre su eje. Este movimiento se llama rotación y dura aproximadamente 24 horas. La parte orientada hacia el Sol tiene día. La parte opuesta tiene noche.,"Uraqixa pachpa taypi siqiparu muyu. Uka unxtawixa rotación satawa, niya 24 horanaka qhipt'i. Willkaru uñtata chiqapanxa uruwa. Maysapansti arumawa.",pendiente_validacion_local,Revisar equivalencia conceptual y terminologia; ver REVISION-LINGUISTICA.md.,,,
ay,article.earth.p3,La Tierra también se mueve alrededor del Sol. Una vuelta completa tarda aproximadamente un año. Este movimiento se llama traslación.,Uraqixa Willka muyunsa sararakiwa. Mä phuqata muyuxa niya mä mara qhipt'i. Uka unxtawixa traslación satawa.,pendiente_validacion_local,Revisar equivalencia conceptual y terminologia; ver REVISION-LINGUISTICA.md.,,,
ay,article.earth.p4,El eje terrestre está inclinado. Esa inclinación cambia la cantidad de luz que recibe cada hemisferio durante el año y produce las estaciones. Las estaciones no se deben principalmente a la distancia al Sol.,Uraqina taypi siqipaxa k'umt'atawa. Uka k'umt'ata utjatapaxa sapa chikata Uraqina mara muytana katuqiri qhana waljätapa mayjt'ayi. Ukawa marana pachanakapa utjayi. Uka pachanakaxa janiwa jilpachaxa Willkat jaya jan ukaxa jak'a utjatap layku utjkiti.,pendiente_validacion_local,Revisar equivalencia conceptual y terminologia; ver REVISION-LINGUISTICA.md.,,,
ay,article.earth.p5,"Puno está en el hemisferio sur. Los cambios de lluvia y temperatura de una comunidad también dependen de su ubicación y altura. Para hablar del clima local, conviene observar y consultar registros de la zona.","Puno ukaxa Uraqina aynacha chikatapankiwa. Mä aylluna jalluna, junt'una, thayana mayjt'awinakapaxa kawkhankataparu, qhawqha alayankataparu waykatatarakiwa. Markana pachapata parlañatakixa uñakipaña, uka chiqawjana qillqatanakapa ullañaxa askïwa.",pendiente_validacion_local,Revisar equivalencia conceptual y terminologia; ver REVISION-LINGUISTICA.md.,,,
ay,article.earth.summary,"Descubre por qué existen el día, la noche y las estaciones.","Kunatsa urusa, arumasa, marana pachanakapasa utji uk uñt'ama.",pendiente_validacion_local,Revisar equivalencia conceptual y terminologia; ver REVISION-LINGUISTICA.md.,,,
ay,article.earth.activity,Usa una pelota y una linterna en una habitación oscura. La pelota representa la Tierra y la linterna representa el Sol. Gira la pelota y observa cómo cambia su parte iluminada.,"Mä ch'amaka cuarto manqhana pelotampi linternampi apnaqma. Pelotaxa Uraqi uñacht'ayi, linternasti Willka uñacht'ayi. Pelota muyuyma, qhantata chiqapa kunjam mayjt'i uk uñakipma.",pendiente_validacion_local,Redacción simplificada con préstamos; volver a comprobar significado y naturalidad local. Ver cambios-naturalidad.json.,,,
ay,article.observe.title,Cómo empezar a observar el cielo,Kunjamsa alaxpacha uñakipaña qalltaña,pendiente_validacion_local,Revisar equivalencia conceptual y terminologia; ver REVISION-LINGUISTICA.md.,,,
ay,article.observe.p1,"Elige un lugar conocido y seguro. Evita carreteras, pendientes y orillas sin protección. Los niños deben ir acompañados por una persona adulta. Lleva abrigo y acuerda la hora de regreso.","Mä uñt'ata, jan chijini chiqawja ajllima. Jach'a thakhinakata, aynacht'iri uraqinakata, jan jark'aqata lakanakata jithiqma. Wawanakaxa mä jilïri jaqimpi sarañapawa. Thuru isinaka apma, kutt'aniña pacha aruskipma.",pendiente_validacion_local,Prioridad: cantidades o instrucciones de seguridad; verificar mediante retraduccion.,,,
ay,article.observe.p2,Busca una noche con pocas nubes y un lugar con poca luz artificial. Deja que tus ojos se acostumbren a la oscuridad. Puedes empezar con la Luna y las estrellas más brillantes sin usar un telescopio.,"Juk'a qinayani aruma, jaqina lurata qhanaxa juk'aki utjki uka chiqawja thaqma. Nayranakamaxa ch'amakaru yatintpan. Phaxsita, juk'ampi lliphipiri wara waranakata qalltaskasmawa, telescopio jan apnaqasa.",pendiente_validacion_local,Revisar equivalencia conceptual y terminologia; ver REVISION-LINGUISTICA.md.,,,
ay,article.observe.p3,"Anota la fecha, la hora, el lugar y el estado del cielo. Dibuja las luces que observas. Si no conoces un objeto, escribe lo que ves antes de intentar ponerle un nombre.","Uru, pacha, chiqawja, alaxpachana kunjamätapa qillqma. Uñjata qhananaka siqsuma. Mä yä jan uñt'ksta ukhaxa, sutichañat sipansa nayraqata uñjatama qillqma.",pendiente_validacion_local,Revisar equivalencia conceptual y terminologia; ver REVISION-LINGUISTICA.md.,,,
ay,article.observe.p4,"Los objetos visibles cambian con la hora, la fecha y el lugar. Esta página no muestra un mapa del cielo en tiempo real. No todas las luces son estrellas: también puedes observar planetas, aviones o satélites artificiales.","Uñjañjama yänakaxa pachampi, urumpi, chiqawjampi mayjt'apxi. Aka laphiqaxa janiwa jichha pachana alaxpachana mapapa uñacht'aykiti. Janiwa taqpacha qhananakaxa wara waranakäkiti. Planetanaka, avión sat jalirinaka, jaqina lurata satélite sat muyirinaksa uñjasmawa.",pendiente_validacion_local,Revisar equivalencia conceptual y terminologia; ver REVISION-LINGUISTICA.md.,,,
ay,article.observe.p5,Comparar observaciones ayuda a aprender. Conserva los dibujos de distintas noches. No necesitas que sean perfectos: deben ayudarte a recordar lo que viste.,Uñjatanaka kikipt'ayañaxa yatiqañaru yanapt'i. Mayja arumanakana siqitanaka imama. Janiwa taqi kunasa chiqapapunïñapäkiti. Uñjatama amtañataki yanapt'añapakiwa wakisi.,pendiente_validacion_local,Revisar equivalencia conceptual y terminologia; ver REVISION-LINGUISTICA.md.,,,
ay,article.observe.summary,Organiza una observación con tu familia o comunidad.,Wilamasimampi jan ukaxa ayllumampi uñakipaña wakichma.,pendiente_validacion_local,Revisar equivalencia conceptual y terminologia; ver REVISION-LINGUISTICA.md.,,,
ay,article.observe.activity,Descarga la guía de observación que está al final de la página. Completa un registro y compáralo con el de otra persona. ¿Qué observaron en común?,"Aka laphi tukuyana guía apaqma. Uñjatama qillqma, ukatxa yaqha jaqina qillqatapampi kikipt'ayma. ¿Kunsa kikpa uñjapxtaxa?",pendiente_validacion_local,Redacción simplificada con préstamos; volver a comprobar significado y naturalidad local. Ver cambios-naturalidad.json.,,,
ay,article.glossary.title,Palabras para aprender astronomía,Astronomíata yatiqañataki arunaka,pendiente_validacion_local,Redacción simplificada con préstamos; volver a comprobar significado y naturalidad local. Ver cambios-naturalidad.json.,,,
ay,article.glossary.p1,La astronomía estudia los cuerpos del espacio y los fenómenos que ocurren en el universo. Este glosario explica palabras que aparecen en los artículos de QAS.,"Astronomíaxa universona yänakapa, kunanakatï ukan luraski ukanaka yatxati. Aka glosario ukaxa QAS qillqatanakana arunakapata qhanañchi.",pendiente_validacion_local,Redacción simplificada con préstamos; volver a comprobar significado y naturalidad local. Ver cambios-naturalidad.json.,,,
ay,article.glossary.p2,"Las definiciones describen conceptos científicos. Al traducirlas, se puede usar una explicación breve cuando no exista una palabra equivalente de uso común en la comunidad.","Sañanakapaxa yatiñ amuyunaka qhanañchi. Jaqukipañanxa aylluna jan kikpa apnaqata aru utjkchi ukhaxa, mä jisk'a qhanañchawi apnaqasispawa.",pendiente_validacion_local,Revisar equivalencia conceptual y terminologia; ver REVISION-LINGUISTICA.md.,,,
ay,article.glossary.summary,Consulta definiciones breves de las palabras de los artículos.,Qillqatanakana arunakapata jisk'a qhanañchawinaka ullama.,pendiente_validacion_local,Revisar equivalencia conceptual y terminologia; ver REVISION-LINGUISTICA.md.,,,
ay,article.glossary.activity,Elige tres palabras. Explica cada una con tus propias palabras y acompaña la explicación con un dibujo.,"Kimsa aru ajllima. Sapa aru pachpa arunakamampi qhanañchma, ukatxa mä siqita yapxatma.",pendiente_validacion_local,Revisar equivalencia conceptual y terminologia; ver REVISION-LINGUISTICA.md.,,,
ay,glossary.star.term,Estrella,Wara wara,pendiente_validacion_local,Revisar equivalencia conceptual y terminologia; ver REVISION-LINGUISTICA.md.,,,
ay,glossary.star.definition,Cuerpo de gas caliente que produce energía en su interior. El Sol es una estrella.,"Junt'u gas ukata lurata yä, manqhapana ch'ama utjayiri. Willkaxa mä wara warawa.",pendiente_validacion_local,Revisar equivalencia conceptual y terminologia; ver REVISION-LINGUISTICA.md.,,,
ay,glossary.planet.term,Planeta,Planeta,pendiente_validacion_local,Revisar equivalencia conceptual y terminologia; ver REVISION-LINGUISTICA.md.,,,
ay,glossary.planet.definition,"En el sistema solar, cuerpo casi esférico que orbita el Sol, no es una luna y domina gravitacionalmente su zona orbital.","Willka muyuna niya muruq'u yä, Willka muyupana sariri. Janiwa phaxsïkiti. Muyuna chiqawjapanxa jupana waythapiña ch'amapaxa yaqha yänakana ch'amapat sipansa jilïriwa.",pendiente_validacion_local,Revisar equivalencia conceptual y terminologia; ver REVISION-LINGUISTICA.md.,,,
ay,glossary.orbit.term,Órbita,Órbita · muyu sara,pendiente_validacion_local,Redacción simplificada con préstamos; volver a comprobar significado y naturalidad local. Ver cambios-naturalidad.json.,,,
ay,glossary.orbit.definition,Trayectoria de un cuerpo alrededor de otro por la acción de la gravedad.,Waythapiña ch'amampi mä yä yaqha yä muyupana sarki uka thakhi.,pendiente_validacion_local,Revisar equivalencia conceptual y terminologia; ver REVISION-LINGUISTICA.md.,,,
ay,glossary.gravity.term,Gravedad,Gravedad · waythapiña ch'ama,pendiente_validacion_local,Redacción simplificada con préstamos; volver a comprobar significado y naturalidad local. Ver cambios-naturalidad.json.,,,
ay,glossary.gravity.definition,Atracción entre cuerpos que tienen masa. Mantiene a los planetas en órbita alrededor del Sol.,Masani yänakana maynit maynikama waythapisitapa. Planetanakaru Willka muyupana sarayi.,pendiente_validacion_local,Revisar equivalencia conceptual y terminologia; ver REVISION-LINGUISTICA.md.,,,
ay,glossary.satellite.term,Satélite natural,Satélite natural,pendiente_validacion_local,Redacción simplificada con préstamos; volver a comprobar significado y naturalidad local. Ver cambios-naturalidad.json.,,,
ay,glossary.satellite.definition,Cuerpo natural que orbita un planeta u otro cuerpo mayor. La Luna orbita la Tierra.,"Jani jaqina lurata yä, mä planeta jan ukaxa juk'ampi jach'a yä muyupana sariri. Phaxsixa Uraqi muyupana sari.",pendiente_validacion_local,Revisar equivalencia conceptual y terminologia; ver REVISION-LINGUISTICA.md.,,,
ay,glossary.galaxy.term,Galaxia,Galaxia,pendiente_validacion_local,Redacción simplificada con préstamos; volver a comprobar significado y naturalidad local. Ver cambios-naturalidad.json.,,,
ay,glossary.galaxy.definition,"Conjunto de estrellas, gas, polvo y materia oscura unido por la gravedad.","Waythapiña ch'amampi mayachata wara waranaka, gas, laq'a, jan uñjañjama materia oscura sata yä.",pendiente_validacion_local,Revisar equivalencia conceptual y terminologia; ver REVISION-LINGUISTICA.md.,,,
ay,glossary.constellation.term,Constelación,Constelación,pendiente_validacion_local,Redacción simplificada con préstamos; volver a comprobar significado y naturalidad local. Ver cambios-naturalidad.json.,,,
ay,glossary.constellation.definition,Región definida del cielo. Suele asociarse con una figura imaginada entre estrellas que pueden estar muy separadas entre sí.,Alaxpachana qurpata chiqawja. Wara waranak taypina amuyumpi lurata mä siqimpi chikthapiyasi. Uka wara waranakaxa maynit maynikama wali jayankapxaspawa.,pendiente_validacion_local,Revisar equivalencia conceptual y terminologia; ver REVISION-LINGUISTICA.md.,,,
ay,glossary.lightyear.term,Año luz,Año luz,pendiente_validacion_local,Redacción simplificada con préstamos; volver a comprobar significado y naturalidad local. Ver cambios-naturalidad.json.,,,
ay,glossary.lightyear.definition,"Distancia que recorre la luz en un año. Es una unidad de distancia, no de tiempo.","Qhanana mä marana saratapa jayankawi. Jayankawi tupuñatakiwa, janiwa pacha tupuñatakïkiti.",pendiente_validacion_local,Revisar equivalencia conceptual y terminologia; ver REVISION-LINGUISTICA.md.,,,
ay,glossary.nebula.term,Nebulosa,Nebulosa,pendiente_validacion_local,Redacción simplificada con préstamos; volver a comprobar significado y naturalidad local. Ver cambios-naturalidad.json.,,,
ay,glossary.nebula.definition,Nube de gas y polvo en el espacio. En algunas nebulosas se forman estrellas.,Alaxpachana gas ukat laq'a qinaya. Yaqhipa uka qinayanakana machaq wara waranakawa yuri.,pendiente_validacion_local,Redacción simplificada con préstamos; volver a comprobar significado y naturalidad local. Ver cambios-naturalidad.json.,,,
ay,glossary.atmosphere.term,Atmósfera,Atmósfera,pendiente_validacion_local,Redacción simplificada con préstamos; volver a comprobar significado y naturalidad local. Ver cambios-naturalidad.json.,,,
ay,glossary.atmosphere.definition,"Capa de gases que rodea un cuerpo, como la Tierra.","Mä yä, Uraqi ukjama, muyuparu imantiri gas phata.",pendiente_validacion_local,Revisar equivalencia conceptual y terminologia; ver REVISION-LINGUISTICA.md.,,,
ay,article.classroom.title,Una actividad para la escuela,Yatiqañ utataki mä lurawi,pendiente_validacion_local,Revisar equivalencia conceptual y terminologia; ver REVISION-LINGUISTICA.md.,,,
ay,article.classroom.p1,"Pregunta inicial: ¿por qué cambia la parte iluminada de la Luna que vemos? Esta actividad usa un modelo. Un modelo representa algunas características de un fenómeno, pero no reproduce todos sus detalles.","Qallta jiskt'a: ¿kunatsa uñjktan uka Phaxsina qhantata chiqapa mayjt'i? Aka lurawixa mä uñacht'ayiri modelo apnaqi. Mä modeloxa mä lurawina yaqhipa chiqanakapa uñacht'ayi, janiwa taqi jisk'a chiqanakapakiti.",pendiente_validacion_local,Revisar equivalencia conceptual y terminologia; ver REVISION-LINGUISTICA.md.,,,
ay,article.classroom.p2,"Materiales: una linterna, una pelota clara y un espacio donde se pueda bajar la luz. La linterna representa el Sol. La pelota representa la Luna. La persona que observa representa un punto de vista desde la Tierra.","Materialnaka: mä linterna, qhana samini pelota, qhana jisk'achañjama chiqawja. Linternaxa Willka uñacht'ayi. Pelotaxa Phaxsi uñacht'ayi. Uñch'ukiri jaqixa Uraqitpacha uñtawi uñacht'ayi.",pendiente_validacion_local,Redacción simplificada con préstamos; volver a comprobar significado y naturalidad local. Ver cambios-naturalidad.json.,,,
ay,article.classroom.p3,Mantén la linterna fija. Otra persona mueve lentamente la pelota alrededor de quien observa. Mantén la pelota un poco por encima de la cabeza para evitar que el cuerpo bloquee la luz. No apuntes la linterna a los ojos.,"Linterna mä chiqana katxäsma. Yaqha jaqixa pelota uñch'ukiri jaqina muyuparu k'achata unxtaypan. Pelota p'iqita mä juk'a alayaru katxäsma, janchixa qhana jan jark'añapataki. Nayranakaru linternampi jan qhantayapxamti.",pendiente_validacion_local,Redacción simplificada con préstamos; volver a comprobar significado y naturalidad local. Ver cambios-naturalidad.json.,,,
ay,article.classroom.p4,Observa qué parte de la pelota recibe luz y qué parte iluminada puedes ver. Dibuja tres posiciones. Conversa sobre la diferencia entre la parte iluminada y la parte visible.,"Pelotana kawkïri chiqapatï qhana katuqki, kawkïri qhantata chiqapsa uñjasma uk uñakipma. Kimsa posición jamuqama. Qhantata chiqampi uñjañjama chiqampi kunansa mayjapxi uka tuqita aruskipma.",pendiente_validacion_local,Redacción simplificada con préstamos; volver a comprobar significado y naturalidad local. Ver cambios-naturalidad.json.,,,
ay,article.classroom.p5,El modelo no representa las distancias ni los tamaños reales. Tampoco explica por sí solo las fechas de los eclipses. Su objetivo es mostrar cómo cambia nuestra vista de una esfera iluminada.,Aka modeloxa janiwa chiqapa distancianaksa tañanaksa uñacht'aykiti. Janiwa eclipsenakana fechanakapsa qhanañchkiti. Qhantata pelota uñjatasaxa kunjamsa mayjt'i uka uñacht'ayañatakiwa.,pendiente_validacion_local,Redacción simplificada con préstamos; volver a comprobar significado y naturalidad local. Ver cambios-naturalidad.json.,,,
ay,article.classroom.summary,Representa las fases de la Luna con materiales sencillos.,Jasaki yänakampi Phaxsina sunaqinakapa uñacht'ayma.,pendiente_validacion_local,Revisar equivalencia conceptual y terminologia; ver REVISION-LINGUISTICA.md.,,,
ay,article.classroom.activity,Cada participante explica un dibujo. Pueden usar la lengua que prefieran. Registren las preguntas que todavía tengan para investigarlas en otra sesión.,"Sapa luririxa mä siqita qhanañchpan. Munapki uka arumpiwa parlapxaspa. Jiskt'anaka utjaskchi ukhaxa qillqapxpan, yaqha tantachawina yatxatañataki.",pendiente_validacion_local,Revisar equivalencia conceptual y terminologia; ver REVISION-LINGUISTICA.md.,,,
ay,article.stars.activity,Para explorar: dibuja dos grupos de estrellas y vuelve a observarlos una hora después. ¿Cambió su posición? La rotación de la Tierra hace que parezcan desplazarse por el cielo.,"Uñt'añataki: pä wara wara tama siqsuma, mä hora qhipata wasitat uñakipma. ¿Kawkhankatapa mayjt'iti? Uraqina pachpa muyutapaxa wara waranakaruxa alaxpachana sarnaqirjama uñacht'ayi.",pendiente_validacion_local,Revisar equivalencia conceptual y terminologia; ver REVISION-LINGUISTICA.md.,,,
ay,article.planets.activity,Actividad: dibuja la Luna durante varias noches y anota la fecha. Nunca observes directamente el Sol ni con binoculares o telescopios sin filtros solares adecuados.,"Lurawi: walja arumanakana Phaxsi siqsuma, uru qillqma. Willkaruxa janipuni chiqaki uñch'ukimti, janiraki pä nayrani jaya uñjañampisa telescopiompisa, Willkataki wakisiri qhana jark'aqirinaka jan utjkipanxa.",pendiente_validacion_local,Prioridad: cantidades o instrucciones de seguridad; verificar mediante retraduccion.,,,
ay,article.andes.activity,"Una actividad para compartir: pregunta a un familiar qué palabras usa para nombrar el cielo. Con su permiso, anota la palabra, su significado y la comunidad o variante a la que pertenece. No publiques relatos o grabaciones sin autorización.","Mayacht'asis lurañataki: wilamasimata mayniru jiskt'ma, kawkïri arunakampisa alaxpacharu sutichi uka tuqita. Jupana iyawsawipampi arsa, sañapsa, kawkïri ayllunkisa jan ukaxa kawkïri parlañankisa uk qillqma. Jan iyawsawi utjkipanxa sarnaqawinaksa katuqata arunaksa jan uñt'ayapxamti.",pendiente_validacion_local,Revisar equivalencia conceptual y terminologia; ver REVISION-LINGUISTICA.md.,,,
ay,ui.translationDraft,Traducción generada con ayuda de IA. Pendiente de revisión por hablantes locales.,IA yanapampi jaqukipata. Markankiri parlirinakana uñakipañapa suyasiskiwa.,pendiente_validacion_local,Lectura editorial asistida; requiere validar naturalidad y significado con hablantes.,,,
ay,source.solar,NASA · Sistema solar,NASA · Sistema solar,pendiente_validacion_local,Redacción simplificada con préstamos; volver a comprobar significado y naturalidad local. Ver cambios-naturalidad.json.,,,
ay,source.universe,NASA · Universo,NASA · Universo,pendiente_validacion_local,Redacción simplificada con préstamos; volver a comprobar significado y naturalidad local. Ver cambios-naturalidad.json.,,,
ay,source.sun,NASA · El Sol,NASA · Willka,pendiente_validacion_local,Lectura editorial asistida; requiere validar naturalidad y significado con hablantes.,,,
ay,source.moon,NASA · Fases de la Luna,NASA · Phaxsina sunaqinakapa,pendiente_validacion_local,Lectura editorial asistida; requiere validar naturalidad y significado con hablantes.,,,
ay,source.earth,NASA · La Tierra,NASA · Uraqi,pendiente_validacion_local,Lectura editorial asistida; requiere validar naturalidad y significado con hablantes.,,,
ay,source.reniec,Reniec · Nombres quechuas y aimaras,"Reniec · Quechua, Aimara arunakana sutinaka",pendiente_validacion_local,Lectura editorial asistida; requiere validar naturalidad y significado con hablantes.,,,
ay,source.minedu,Minedu · Vocabulario pedagógico aimara,Minedu · Aimara yatichaña aru pirwa,pendiente_validacion_local,Lectura editorial asistida; requiere validar naturalidad y significado con hablantes.,,,
ay,source.mineduQu,Minedu · Biblioteca de quechua sureño,Minedu · Aynacha Quechua aruna panka imañ uta,pendiente_validacion_local,Lectura editorial asistida; requiere validar naturalidad y significado con hablantes.,,,
ay,ui.pauseMotion,Pausar animaciones,Unxtawinaka sayt'ayaña,pendiente_validacion_local,Lectura editorial asistida; requiere validar naturalidad y significado con hablantes.,,,
ay,ui.resumeMotion,Activar animaciones,Unxtawinaka qalltayaña,pendiente_validacion_local,Lectura editorial asistida; requiere validar naturalidad y significado con hablantes.,,,
ay,ui.contactLabel,CONTACTO,ARUSKIPAWI,pendiente_validacion_local,Lectura editorial asistida; requiere validar naturalidad y significado con hablantes.,,,
ay,ui.contactTitle,Contáctame,Nayampi aruskipma,pendiente_validacion_local,Lectura editorial asistida; requiere validar naturalidad y significado con hablantes.,,,
ay,ui.contactBio,"Soy estudiante de doctorado en ICMC–USP, ingeniero estadístico e informático por la UNA Puno, investigador RENACYT y quechuahablante.","ICMC–USP ukan doctorado yatiqirïtwa. UNA Puno ukan estadística ukat informática yatiñanakana ingenierötwa. RENACYT yatxatirïtwa, Quechua aru parlirirakïtwa.",pendiente_validacion_local,Lectura editorial asistida; requiere validar naturalidad y significado con hablantes.,,,
ay,ui.contactLinkedIn,Conversemos en LinkedIn,LinkedIn ukan aruskipt'añäni,pendiente_validacion_local,Lectura editorial asistida; requiere validar naturalidad y significado con hablantes.,,,
ay,ui.volunteerLabel,COLABORA CON QAS,QAS UKAMPI YANAPT'ASIM,pendiente_validacion_local,Lectura editorial asistida; requiere validar naturalidad y significado con hablantes.,,,
ay,ui.volunteerTitle,Buscamos voluntarios,Munañapata yanapt'irinaka thaqapxta,pendiente_validacion_local,Lectura editorial asistida; requiere validar naturalidad y significado con hablantes.,,,
ay,ui.volunteerDescription,Ayúdanos a acercar la ciencia a más comunidades. Buscamos personas que quieran aportar sus conocimientos. Escríbeme por LinkedIn para conversar.,Yatiñanaka juk'ampi ayllunakaru jak'achayañataki yanapt'apxita. Yatiñanakapampi yanapt'aña muniri jaqinaka thaqapxta. Aruskipañataki LinkedIn ukan qillqt'anita.,pendiente_validacion_local,Lectura editorial asistida; requiere validar naturalidad y significado con hablantes.,,,
ay,ui.volunteerAreas,Áreas de colaboración,Yanapt'añataki tuqinaka,pendiente_validacion_local,Lectura editorial asistida; requiere validar naturalidad y significado con hablantes.,,,
ay,ui.volunteerLanguages,Idiomas,Arunaka,pendiente_validacion_local,Lectura editorial asistida; requiere validar naturalidad y significado con hablantes.,,,
ay,ui.volunteerDesign,Diseño,Diseño,pendiente_validacion_local,Redacción simplificada con préstamos; volver a comprobar significado y naturalidad local. Ver cambios-naturalidad.json.,,,
ay,ui.volunteerMarketing,Marketing,"Marketing, difusión",pendiente_validacion_local,Redacción simplificada con préstamos; volver a comprobar significado y naturalidad local. Ver cambios-naturalidad.json.,,,
ay,ui.volunteerCode,Programación,Programación,pendiente_validacion_local,Redacción simplificada con préstamos; volver a comprobar significado y naturalidad local. Ver cambios-naturalidad.json.,,,
ay,ui.volunteerMore,Y otras áreas,Yaqha tuqinakampi,pendiente_validacion_local,Lectura editorial asistida; requiere validar naturalidad y significado con hablantes.,,,
ay,ui.articlePage,Abrir página del artículo,Qillqatana laphipa jist'arama,pendiente_validacion_local,Lectura editorial asistida; requiere validar naturalidad y significado con hablantes.,,,
ay,ui.shareLinkedIn,Compartir en LinkedIn,LinkedIn tuqina churaña,pendiente_validacion_local,Revisar terminologia digital; caracteres danados corregidos.,,,
ay,ui.copyPost,Copiar publicaci?n completa,Taqpacha qillqata copiaña,pendiente_validacion_local,Revisar terminologia digital; caracteres danados corregidos.,,,
ay,ui.postCopied,Texto copiado. P?galo en LinkedIn.,Qillqata copiatawa. LinkedIn tuqiru lipiyama.,pendiente_validacion_local,Revisar terminologia digital; caracteres danados corregidos.,,,
ay,ui.copyManually,Selecciona y copia el texto manualmente.,Qillqata ajllima ukat amparampi copiama.,pendiente_validacion_local,Revisar terminologia digital; caracteres danados corregidos.,,,
ay,ui.shareHelp,"Copia el texto y p?galo en una publicaci?n de LinkedIn. Si supera 3.000 caracteres, div?delo en varias publicaciones.","Qillqata copiama ukat LinkedIn tuqiru lipiyama. 3.000 chimpunakatsa jilakipanxa, walja qillqatanakaru jaljama.",pendiente_validacion_local,Revisar terminologia digital; caracteres danados corregidos.,,,
ay,ui.shareText,Texto para compartir,Churañataki qillqata,pendiente_validacion_local,Revisar terminologia digital; caracteres danados corregidos.,,,
ay,ui.shareImage,Descargar art?culo como imagen,Imagen apaqaña,pendiente_validacion_local,Redacción simplificada con préstamos; volver a comprobar significado y naturalidad local. Ver cambios-naturalidad.json.,,,
